brand_slug,brand_id,phone_id,phone_name,phone_url,image_url,listing_page_url,scraped_at_utc,announced_year,status,os,chipset,cpu,gpu,display_size_in,display_resolution,display_refresh_hz,battery_mah,charging_w,ram_options_gb,storage_options_gb,main_camera_mp,selfie_camera_mp,has_5g,has_nfc,has_esim,has_sd_slot,price_text
apple,48,11102,Apple iPhone 13 Pro,https://m.gsmarena.com/apple_iphone_13_pro-11102.php,https://fdn2.gsmarena.com/vv/bigpic/apple-iphone-13-pro.jpg,https://m.gsmarena.com/apple-phones-48.php,2026-04-27T05:29:34.004237+00:00,2021,"Available. Released 2021, September 24","iOS 15, upgradable to iOS 26.4.2",Apple A15 Bionic (5 nm),Hexa-core (2x3.23 GHz Avalanche + 4x1.82 GHz Blizzard),Apple GPU (5-core graphics),6.1,1170x2532,120,3095,15,6,6|128|256|512|1024,12,12,1,1,1,0,$ 339.95 / € 359.00 / £ 248.99
apple,48,11861,Apple iPhone 14,https://m.gsmarena.com/apple_iphone_14-11861.php,https://fdn2.gsmarena.com/vv/bigpic/apple-iphone-14.jpg,https://m.gsmarena.com/apple-phones-48.php,2026-04-27T05:29:34.004237+00:00,2022,"Available. Released 2022, September 16","iOS 16, upgradable to iOS 26.4.2",Apple A15 Bionic (5 nm),Hexa-core (2x3.23 GHz Avalanche + 4x1.82 GHz Blizzard),Apple GPU (5-core graphics),6.1,1170x2532,,3279,15,6,6|128|256|512,12,12,1,1,1,0,$ 275.99 / € 304.00 / £ 253.60
apple,48,11862,Apple iPhone 14 Plus,https://m.gsmarena.com/apple_iphone_14_plus-11862.php,https://fdn2.gsmarena.com/vv/bigpic/apple-iphone-14-plus.jpg,https://m.gsmarena.com/apple-phones-48.php,2026-04-27T05:29:34.004237+00:00,2022,"Available. Released 2022, October 07","iOS 16, upgradable to iOS 26.4.2",Apple A15 Bionic (5 nm),Hexa-core (2x3.23 GHz Avalanche + 4x1.82 GHz Blizzard),Apple GPU (5-core graphics),6.7,1284x2778,,4323,15,6,6|128|256|512,12,12,1,1,1,0,$ 303.45 / € 314.11 / £ 269.00
apple,48,11860,Apple iPhone 14 Pro,https://m.gsmarena.com/apple_iphone_14_pro-11860.php,https://fdn2.gsmarena.com/vv/bigpic/apple-iphone-14-pro.jpg,https://m.gsmarena.com/apple-phones-48.php,2026-04-27T05:29:34.004237+00:00,2022,"Available. Released 2022, September 16","iOS 16, upgradable to iOS 26.4.2",Apple A16 Bionic (4 nm),Hexa-core (2x3.46 GHz Everest + 4x2.02 GHz Sawtooth),Apple GPU (5-core graphics),6.1,1179x2556,120,3200,15,6,6|128|256|512|1024,48,12,1,1,1,0,$ 404.00 / € 448.00 / £ 353.00
apple,48,11773,Apple iPhone 14 Pro Max,https://m.gsmarena.com/apple_iphone_14_pro_max-11773.php,https://fdn2.gsmarena.com/vv/bigpic/apple-iphone-14-pro-max-.jpg,https://m.gsmarena.com/apple-phones-48.php,2026-04-27T05:29:34.004237+00:00,2022,"Available. Released 2022, September 16","iOS 16, upgradable to iOS 26.4.2",Apple A16 Bionic (4 nm),Hexa-core (2x3.46 GHz Everest + 4x2.02 GHz Sawtooth),Apple GPU (5-core graphics),6.7,1290x2796,120,4323,15,6,6|128|256|512|1024,48,12,1,1,1,0,$ 453.31 / € 469.99 / £ 388.75
apple,48,12559,Apple iPhone 15,https://m.gsmarena.com/apple_iphone_15-12559.php,https://fdn2.gsmarena.com/vv/bigpic/apple-iphone-15.jpg,https://m.gsmarena.com/apple-phones-48.php,2026-04-27T05:29:34.004237+00:00,2023,"Available. Released 2023, September 22","iOS 17, upgradable to iOS 26.4.2",Apple A16 Bionic (4 nm),Hexa-core (2x3.46 GHz Everest + 4x2.02 GHz Sawtooth),Apple GPU (5-core graphics),6.1,1179x2556,,3349,15,6,6|128|256|512,48,12,1,1,1,0,$ 345.05 / € 417.00 / £ 347.94
apple,48,12558,Apple iPhone 15 Plus,https://m.gsmarena.com/apple_iphone_15_plus-12558.php,https://fdn2.gsmarena.com/vv/bigpic/apple-iphone-15-plus-.jpg,https://m.gsmarena.com/apple-phones-48.php,2026-04-27T05:29:34.004237+00:00,2023,"Available. Released 2023, September 22","iOS 17, upgradable to iOS 26.4.2",Apple A16 Bionic (4 nm),Hexa-core (2x3.46 GHz Everest + 4x2.02 GHz Sawtooth),Apple GPU (5-core graphics),6.7,1290x2796,,4383,15,6,6|128|256|512,48,12,1,1,1,0,$ 349.00 / € 444.00 / £ 399.99
apple,48,12557,Apple iPhone 15 Pro,https://m.gsmarena.com/apple_iphone_15_pro-12557.php,https://fdn2.gsmarena.com/vv/bigpic/apple-iphone-15-pro.jpg,https://m.gsmarena.com/apple-phones-48.php,2026-04-27T05:29:34.004237+00:00,2023,"Available. Released 2023, September 22","iOS 17, upgradable to iOS 26.4.2",Apple A17 Pro (3 nm),Hexa-core (2x3.78 GHz + 4x2.11 GHz),Apple GPU (6-core graphics),6.1,1179x2556,120,3274,15,8,8|128|256|512|1024,48,12,1,1,1,0,$ 436.00 / € 578.00 / £ 438.98
apple,48,12548,Apple iPhone 15 Pro Max,https://m.gsmarena.com/apple_iphone_15_pro_max-12548.php,https://fdn2.gsmarena.com/vv/bigpic/apple-iphone-15-pro-max.jpg,https://m.gsmarena.com/apple-phones-48.php,2026-04-27T05:29:34.004237+00:00,2023,"Available. Released 2023, September 22","iOS 17, upgradable to iOS 26.4.2",Apple A17 Pro (3 nm),Hexa-core (2x3.78 GHz + 4x2.11 GHz),Apple GPU (6-core graphics),6.7,1290x2796,120,4441,15,8,8|256|512|1024,48,12,1,1,1,0,$ 549.00 / € 660.61 / £ 550.00
apple,48,13317,Apple iPhone 16,https://m.gsmarena.com/apple_iphone_16-13317.php,https://fdn2.gsmarena.com/vv/bigpic/apple-iphone-16.jpg,https://m.gsmarena.com/apple-phones-48.php,2026-04-27T05:29:34.004237+00:00,2024,"Available. Released 2024, September 20","iOS 18, upgradable to iOS 26.4.2",Apple A18 (3 nm),Hexa-core (2x4.04 GHz + 4x2.20 GHz),Apple GPU (5-core graphics),6.1,1179x2556,,3561,25,8,8|128|256|512,48,12,1,1,1,0,$ 459.00 / € 577.00 / £ 461.15
apple,48,13316,Apple iPhone 16 Plus,https://m.gsmarena.com/apple_iphone_16_plus-13316.php,https://fdn2.gsmarena.com/vv/bigpic/apple-iphone-16-plus.jpg,https://m.gsmarena.com/apple-phones-48.php,2026-04-27T05:29:34.004237+00:00,2024,"Available. Released 2024, September 20","iOS 18, upgradable to iOS 26.4.2",Apple A18 (3 nm),Hexa-core (2x4.04 GHz + 4x2.20 GHz),Apple GPU (5-core graphics),6.7,1290x2796,,4674,25,8,8|128|256|512,48,12,1,1,1,0,"$ 419.00 / € 639.00 / £ 537.50 / ₹ 79,900"
apple,48,13315,Apple iPhone 16 Pro,https://m.gsmarena.com/apple_iphone_16_pro-13315.php,https://fdn2.gsmarena.com/vv/bigpic/apple-iphone-16-pro.jpg,https://m.gsmarena.com/apple-phones-48.php,2026-04-27T05:29:34.004237+00:00,2024,"Available. Released 2024, September 20","iOS 18, upgradable to iOS 26.4.2",Apple A18 Pro (3 nm),Hexa-core (2x4.05 GHz + 4x2.42 GHz),Apple GPU (6-core graphics),6.3,1206x2622,120,3582,25,8,8|128|256|512|1024,48,12,1,1,1,0,$ 571.22 / € 704.33 / £ 598.70
apple,48,13123,Apple iPhone 16 Pro Max,https://m.gsmarena.com/apple_iphone_16_pro_max-13123.php,https://fdn2.gsmarena.com/vv/bigpic/apple-iphone-16-pro-max.jpg,https://m.gsmarena.com/apple-phones-48.php,2026-04-27T05:29:34.004237+00:00,2024,"Available. Released 2024, September 20","iOS 18, upgradable to iOS 26.4.2",Apple A18 Pro (3 nm),Hexa-core (2x4.05 GHz + 4x2.42 GHz),Apple GPU (6-core graphics),6.9,1320x2868,120,4685,25,8,8|256|512|1024,48,12,1,1,1,0,$ 648.71 / € 859.99 / £ 710.00
apple,48,13395,Apple iPhone 16e,https://m.gsmarena.com/apple_iphone_16e-13395.php,https://fdn2.gsmarena.com/vv/bigpic/apple-iphone-16e.jpg,https://m.gsmarena.com/apple-phones-48.php,2026-04-27T05:29:34.004237+00:00,2025,"Available. Released 2025, February 28","iOS 18.3.1, upgradable to iOS 26.4.2",Apple A18 (3 nm),Hexa-core (2x4.04 GHz + 4x2.20 GHz),Apple GPU (4-core graphics),6.1,1170x2532,,4005,7.5,8,8|128|256|512,48,12,1,1,1,0,"$ 308.99 / € 459.99 / £ 428.99 / ₹ 69,900"
apple,48,14050,Apple iPhone 17,https://m.gsmarena.com/apple_iphone_17-14050.php,https://fdn2.gsmarena.com/vv/bigpic/apple-iphone-17.jpg,https://m.gsmarena.com/apple-phones-48.php,2026-04-27T05:29:34.004237+00:00,2025,"Available. Released 2025, September 19","iOS 26, upgradable to iOS 26.4.2",Apple A19 (3 nm),Hexa-core (2x4.26 GHz + 4x2.60 GHz),Apple GPU (5-core graphics),6.3,1206x2622,120,3692,25,8,8|256|512,48,18,1,1,1,0,$ 748.43 / € 729.00 / £ 670.40
apple,48,14049,Apple iPhone 17 Pro,https://m.gsmarena.com/apple_iphone_17_pro-14049.php,https://fdn2.gsmarena.com/vv/bigpic/apple-iphone-17-pro.jpg,https://m.gsmarena.com/apple-phones-48.php,2026-04-27T05:29:34.004237+00:00,2025,"Available. Released 2025, September 19","iOS 26, upgradable to iOS 26.4.2",Apple A19 Pro (3 nm),Hexa-core (2x4.26 GHz + 4x2.60 GHz),Apple GPU (6-core graphics),6.3,1206x2622,120,3998,25,12,12|256|512|1024,48,18,1,1,1,0,"$ 961.63 / € 1,064.49 / £ 980.00 / ₹ 134,900"
apple,48,13964,Apple iPhone 17 Pro Max,https://m.gsmarena.com/apple_iphone_17_pro_max-13964.php,https://fdn2.gsmarena.com/vv/bigpic/apple-iphone-17-pro-max.jpg,https://m.gsmarena.com/apple-phones-48.php,2026-04-27T05:29:34.004237+00:00,2025,"Available. Released 2025, September 19","iOS 26, upgradable to iOS 26.4.2",Apple A19 Pro (3 nm),Hexa-core (2x4.26 GHz + 4x2.60 GHz),Apple GPU (6-core graphics),6.9,1320x2868,120,4823,25,12,12|256|512|1024|2048,48,18,1,1,1,0,"$ 1,269.99 / € 1,179.09 / £ 1,038.99 / ₹ 149,900"
apple,48,14487,Apple iPhone 17e,https://m.gsmarena.com/apple_iphone_17e-14487.php,https://fdn2.gsmarena.com/vv/bigpic/apple-iphone-17e.jpg,https://m.gsmarena.com/apple-phones-48.php,2026-04-27T05:29:34.004237+00:00,2026,"Available. Released 2026, March 11","iOS 26.3, upgradable to iOS 26.4.2",Apple A19 (3 nm),Hexa-core (2x4.26 GHz + 4x2.60 GHz),Apple GPU (4-core graphics),6.1,1170x2532,,4005,15,8,8|256|512,48,12,1,1,1,0,"€ 638.00 / £ 599.00 / ₹ 84,900"
apple,48,13502,Apple iPhone Air,https://m.gsmarena.com/apple_iphone_17_air-13502.php,https://fdn2.gsmarena.com/vv/bigpic/apple-iphone-air.jpg,https://m.gsmarena.com/apple-phones-48.php,2026-04-27T05:29:34.004237+00:00,2025,"Available. Released 2025, September 19","iOS 26, upgradable to iOS 26.4.2",Apple A19 Pro (3 nm),Hexa-core (2x4.26 GHz + 4x2.60 GHz),Apple GPU (5-core graphics),6.5,1260x2736,120,3149,20,12,12|256|512|1024,48,18,1,1,1,0,"$ 780.00 / € 753.81 / £ 644.50 / ₹ 96,990"
apple,48,11410,Apple iPhone SE (2022),https://m.gsmarena.com/apple_iphone_se_(2022)-11410.php,https://fdn2.gsmarena.com/vv/bigpic/apple-iphone-se-2022.jpg,https://m.gsmarena.com/apple-phones-48.php,2026-04-27T05:29:34.004237+00:00,2022,"Available. Released 2022, March 18","iOS 15.4, upgradable to iOS 26.4.2",Apple A15 Bionic (5 nm),Hexa-core (2x3.22 GHz Avalanche + 4x1.82 GHz Blizzard),Apple GPU (4-core graphics),4.7,750x1334,,2018,20,4,4|64|128|256,12,7,1,1,1,0,$ 125.00 / € 148.50 / £ 111.00
apple,48,11089,iPhone 13 Pro Max,https://m.gsmarena.com/apple_iphone_13_pro_max-11089.php,https://fdn2.gsmarena.com/vv/bigpic/apple-iphone-13-pro-max.jpg,https://m.gsmarena.com/apple-phones-48.php,2026-04-27T05:29:34.004237+00:00,,,,,,,,,,,,,,,,0,0,0,0,
google,107,8346,Google Pixel,https://m.gsmarena.com/google_pixel-8346.php,https://fdn2.gsmarena.com/vv/bigpic/google-pixel.jpg,https://m.gsmarena.com/google-phones-107.php,2026-04-27T05:29:34.004237+00:00,2016,Discontinued,"Android 7.1 (Nougat), upgradable to Android 10",Qualcomm MSM8996 Snapdragon 821 (14 nm),Quad-core (2x2.15 GHz Kryo & 2x1.6 GHz Kryo),Adreno 530,5,1080x1920,,2770,18,4,4|32|128,12.3,8,0,1,0,0,About 290 EUR
google,107,13979,Google Pixel 10,https://m.gsmarena.com/google_pixel_10_5g-13979.php,https://fdn2.gsmarena.com/vv/bigpic/google-pixel-10-.jpg,https://m.gsmarena.com/google-phones-107.php,2026-04-27T05:29:34.004237+00:00,2025,"Available. Released 2025, August 28","Android 16, up to 7 major Android upgrades",Google Tensor G5 (3 nm),Octa-core (1x3.78 GHz Cortex-X4 & 5x3.05 GHz Cortex-A725 & 2x2.25 GHz Cortex-A520),PowerVR DXT-48-1536,6.3,1080x2424,120,4970,30,12,12|128|256,48,10.5,1,1,1,0,"$ 443.93 / € 567.00 / £ 449.99 / ₹ 59,990"
google,107,13987,Google Pixel 10 Pro,https://m.gsmarena.com/google_pixel_10_pro_5g-13987.php,https://fdn2.gsmarena.com/vv/bigpic/google-pixel-10-pro-.jpg,https://m.gsmarena.com/google-phones-107.php,2026-04-27T05:29:34.004237+00:00,2025,"Available. Released 2025, August 28","Android 16, up to 7 major Android upgrades",Google Tensor G5 (3 nm),Octa-core (1x3.78 GHz Cortex-X4 & 5x3.05 GHz Cortex-A725 & 2x2.25 GHz Cortex-A520),PowerVR DXT-48-1536,6.3,1280x2856,120,4870,30,16,16|128|256|512|1024,50,42,1,1,1,0,$ 749.00 / € 739.00 / £ 627.40
google,107,14014,Google Pixel 10 Pro Fold,https://m.gsmarena.com/google_pixel_10_pro_fold-14014.php,https://fdn2.gsmarena.com/vv/bigpic/google-pixel-10-pro-fold--.jpg,https://m.gsmarena.com/google-phones-107.php,2026-04-27T05:29:34.004237+00:00,2025,"Available. Released 2025, October 09","Android 16, up to 7 major Android upgrades",Google Tensor G5 (3 nm),Octa-core (1x3.78 GHz Cortex-X4 & 5x3.05 GHz Cortex-A725 & 2x2.25 GHz Cortex-A520),PowerVR DXT-48-1536,8,2076x2152,120,5015,30,16,16|256|512|1024,48,10,1,1,1,0,"$ 1,144.69 / € 1,430.90 / £ 892.00 / ₹ 159,785"
google,107,13988,Google Pixel 10 Pro XL,https://m.gsmarena.com/google_pixel_10_pro_xl_5g-13988.php,https://fdn2.gsmarena.com/vv/bigpic/google-pixel-10-pro-xl-.jpg,https://m.gsmarena.com/google-phones-107.php,2026-04-27T05:29:34.004237+00:00,2025,"Available. Released 2025, August 28","Android 16, up to 7 major Android upgrades",Google Tensor G5 (3 nm),Octa-core (1x3.78 GHz Cortex-X4 & 5x3.05 GHz Cortex-A725 & 2x2.25 GHz Cortex-A520),PowerVR DXT-48-1536,6.8,1344x2992,120,5200,45,16,16|256|512|1024,50,42,1,1,1,0,"$ 625.00 / € 849.00 / £ 691.01 / ₹ 116,999"
google,107,14474,Google Pixel 10a,https://m.gsmarena.com/google_pixel_10a_5g-14474.php,https://fdn2.gsmarena.com/vv/bigpic/google-pixel-10a.jpg,https://m.gsmarena.com/google-phones-107.php,2026-04-27T05:29:34.004237+00:00,2026,"Available. Released 2026, March 05","Android 16, up to 7 major Android upgrades",Google Tensor G4 (4 nm),Octa-core (1x3.1 GHz Cortex-X4 & 3x2.6 GHz Cortex-A720 & 4x1.9 GHz Cortex-A520),Mali-G715 MP7,6.3,1080x2424,120,5100,30,8,8|128|256,48,13,1,1,1,0,"$ 449.00 / € 480.90 / £ 499.00 / ₹ 47,099"
google,107,8733,Google Pixel 2,https://m.gsmarena.com/google_pixel_2-8733.php,https://fdn2.gsmarena.com/vv/bigpic/google-pixel-2.jpg,https://m.gsmarena.com/google-phones-107.php,2026-04-27T05:29:34.004237+00:00,2017,Discontinued,"Android 8.0 (Oreo), upgradable to Android 11",Qualcomm MSM8998 Snapdragon 835 (10 nm),Octa-core (4x2.35 GHz Kryo & 4x1.9 GHz Kryo),Adreno 540,5,1080x1920,,2700,10.5,4,4|64|128,12.2,8,0,1,1,0,About 610 EUR
google,107,8720,Google Pixel 2 XL,https://m.gsmarena.com/google_pixel_2_xl-8720.php,https://fdn2.gsmarena.com/vv/bigpic/google-pixel-xl2-.jpg,https://m.gsmarena.com/google-phones-107.php,2026-04-27T05:29:34.004237+00:00,2017,Discontinued,"Android 8.0 (Oreo), upgradable to Android 11",Qualcomm MSM8998 Snapdragon 835 (10 nm),Octa-core (4x2.35 GHz Kryo & 4x1.9 GHz Kryo),Adreno 540,6,1440x2880,,3520,10.5,4,4|64|128,12.2,8,0,1,1,0,About 520 EUR
google,107,9256,Google Pixel 3,https://m.gsmarena.com/google_pixel_3-9256.php,https://fdn2.gsmarena.com/vv/bigpic/google-pixel-3-.jpg,https://m.gsmarena.com/google-phones-107.php,2026-04-27T05:29:34.004237+00:00,2018,Discontinued,"Android 9.0 (Pie), upgradable to Android 12",Qualcomm SDM845 Snapdragon 845 (10 nm),Octa-core (4x2.5 GHz Kryo 385 Gold & 4x1.6 GHz Kryo 385 Silver),Adreno 630,5.5,1080x2160,,2915,18,4,4|64|128,12.2,8,0,1,1,0,About 450 EUR
google,107,9257,Google Pixel 3 XL,https://m.gsmarena.com/google_pixel_3_xl-9257.php,https://fdn2.gsmarena.com/vv/bigpic/google-pixel-3xl-.jpg,https://m.gsmarena.com/google-phones-107.php,2026-04-27T05:29:34.004237+00:00,2018,Discontinued,"Android 9.0 (Pie), upgradable to Android 12",Qualcomm SDM845 Snapdragon 845 (10 nm),Octa-core (4x2.5 GHz Kryo 385 Gold & 4x1.6 GHz Kryo 385 Silver),Adreno 630,6.3,1440x2960,,3430,18,4,4|64|128,12.2,8,0,1,1,0,About 260 EUR
google,107,9408,Google Pixel 3a,https://m.gsmarena.com/google_pixel_3a-9408.php,https://fdn2.gsmarena.com/vv/bigpic/google-pixel-3a.jpg,https://m.gsmarena.com/google-phones-107.php,2026-04-27T05:29:34.004237+00:00,2019,Discontinued,"Android 9.0 (Pie), upgradable to Android 12",Qualcomm SDM670 Snapdragon 670 (10 nm),Octa-core (2x2.0 GHz 360 Gold & 6x1.7 GHz Kryo 360 Silver),Adreno 615,5.6,1080x2220,,3000,18,4,4|64,12.2,8,0,1,1,0,About 120 EUR
google,107,9690,Google Pixel 3a XL,https://m.gsmarena.com/google_pixel_3a_xl-9690.php,https://fdn2.gsmarena.com/vv/bigpic/google-pixel-3a-xl-.jpg,https://m.gsmarena.com/google-phones-107.php,2026-04-27T05:29:34.004237+00:00,2019,Discontinued,"Android 9.0 (Pie), upgradable to Android 12",Qualcomm SDM670 Snapdragon 670 (10 nm),Octa-core (2x2.0 GHz 360 Gold & 6x1.7 GHz Kryo 360 Silver),Adreno 615,6,1080x2160,,3700,18,4,4|64,12.2,8,0,1,1,0,About 290 EUR
google,107,9896,Google Pixel 4,https://m.gsmarena.com/google_pixel_4-9896.php,https://fdn2.gsmarena.com/vv/bigpic/google-pixel-4-r1.jpg,https://m.gsmarena.com/google-phones-107.php,2026-04-27T05:29:34.004237+00:00,2019,"Available. Released 2019, October 22","Android 10, upgradable to Android 13",Qualcomm SM8150 Snapdragon 855 (7 nm),Octa-core (1x2.84 GHz Kryo 485 & 3x2.42 GHz Kryo 485 & 4x1.78 GHz Kryo 485),Adreno 640,5.7,1080x2280,90,2800,18,6,6|64|128,12.2,8,0,1,1,0,About 200 EUR
google,107,9895,Google Pixel 4 XL,https://m.gsmarena.com/google_pixel_4_xl-9895.php,https://fdn2.gsmarena.com/vv/bigpic/google-pixel-4-r1.jpg,https://m.gsmarena.com/google-phones-107.php,2026-04-27T05:29:34.004237+00:00,2019,"Available. Released 2019, October 22","Android 10, upgradable to Android 13",Qualcomm SM8150 Snapdragon 855 (7 nm),Octa-core (1x2.84 GHz Kryo 485 & 3x2.42 GHz Kryo 485 & 4x1.78 GHz Kryo 485),Adreno 640,6.3,1440x3040,90,3700,18,6,6|64|128,12.2,8,0,1,1,0,About 180 EUR
google,107,10123,Google Pixel 4a,https://m.gsmarena.com/google_pixel_4a-10123.php,https://fdn2.gsmarena.com/vv/bigpic/google-pixel-4a.jpg,https://m.gsmarena.com/google-phones-107.php,2026-04-27T05:29:34.004237+00:00,2020,"Available. Released 2020, August 20","Android 10, upgradable to Android 13",Qualcomm SDM730 Snapdragon 730G (8 nm),Octa-core (2x2.2 GHz Kryo 470 Gold & 6x1.8 GHz Kryo 470 Silver),Adreno 618,5.81,1080x2340,,3140,18,6,6|128,12.2,8,0,1,1,0,$ 449.99 / € 199.99
google,107,10385,Google Pixel 4a 5G,https://m.gsmarena.com/google_pixel_4a_5g-10385.php,https://fdn2.gsmarena.com/vv/bigpic/google-pixel-4a-5g.jpg,https://m.gsmarena.com/google-phones-107.php,2026-04-27T05:29:34.004237+00:00,2020,"Available. Released 2020, November 05","Android 11, upgradable to Android 14",Qualcomm SM7250 Snapdragon 765G 5G (7 nm),Octa-core (1x2.4 GHz Kryo 475 Prime & 1x2.2 GHz Kryo 475 Gold & 6x1.8 GHz Kryo 475 Silver),Adreno 620,6.2,1080x2340,,3885,18,6,6|128,12.2,8,1,1,1,0,About 140 EUR
google,107,10386,Google Pixel 5,https://m.gsmarena.com/google_pixel_5-10386.php,https://fdn2.gsmarena.com/vv/bigpic/google-pixel-5-5g.jpg,https://m.gsmarena.com/google-phones-107.php,2026-04-27T05:29:34.004237+00:00,2020,"Available. Released 2020, October 15","Android 11, upgradable to Android 14",Qualcomm SM7250 Snapdragon 765G 5G (7 nm),Octa-core (1x2.4 GHz Kryo 475 Prime & 1x2.2 GHz Kryo 475 Gold & 6x1.8 GHz Kryo 475 Silver),Adreno 620,6,1080x2340,90,4080,18,8,8|128,12.2,8,1,1,1,0,$ 229.99 / € 247.56 / £ 115.91
google,107,11059,Google Pixel 5a 5G,https://m.gsmarena.com/google_pixel_5a_5g-11059.php,https://fdn2.gsmarena.com/vv/bigpic/google-pixel-5a-5g.jpg,https://m.gsmarena.com/google-phones-107.php,2026-04-27T05:29:34.004237+00:00,2021,"Available. Released 2021, August 26","Android 11, upgradable to Android 14",Qualcomm SM7250 Snapdragon 765G 5G (7 nm),Octa-core (1x2.4 GHz Kryo 475 Prime & 1x2.2 GHz Kryo 475 Gold & 6x1.8 GHz Kryo 475 Silver),Adreno 620,6.34,1080x2400,,4680,18,6,6|128,12.2,8,1,1,1,0,$ 249.99
google,107,11037,Google Pixel 6,https://m.gsmarena.com/google_pixel_6-11037.php,https://fdn2.gsmarena.com/vv/bigpic/google-pixel-6.jpg,https://m.gsmarena.com/google-phones-107.php,2026-04-27T05:29:34.004237+00:00,2021,"Available. Released 2021, October 28","Android 12, upgradable to Android 16, up to 5 major Android upgrades",Google Tensor (5 nm),Octa-core (2x2.80 GHz Cortex-X1 & 2x2.25 GHz Cortex-A76 & 4x1.80 GHz Cortex-A55),Mali-G78 MP20,6.4,1080x2400,90,4614,30,8,8|128|256,50,8,1,1,1,0,$ 165.23 / € 225.89 / £ 128.62
google,107,10918,Google Pixel 6 Pro,https://m.gsmarena.com/google_pixel_6_pro-10918.php,https://fdn2.gsmarena.com/vv/bigpic/google-pixel-6-pro.jpg,https://m.gsmarena.com/google-phones-107.php,2026-04-27T05:29:34.004237+00:00,2021,"Available. Released 2021, October 28","Android 12, upgradable to Android 16, up to 5 major Android upgrades",Google Tensor (5 nm),Octa-core (2x2.80 GHz Cortex-X1 & 2x2.25 GHz Cortex-A76 & 4x1.80 GHz Cortex-A55),Mali-G78 MP20,6.7,1440x3120,120,5003,23,12,12|128|256|512,50,11.1,1,1,1,0,"$ 185.14 / € 239.00 / £ 179.99 / ₹ 29,999"
google,107,11229,Google Pixel 6a,https://m.gsmarena.com/google_pixel_6a-11229.php,https://fdn2.gsmarena.com/vv/bigpic/google-pixel-6a.jpg,https://m.gsmarena.com/google-phones-107.php,2026-04-27T05:29:34.004237+00:00,2022,"Available. Released 2022, July 21","Android 12, upgradable to Android 16, up to 5 major Android upgrades",Google Tensor (5 nm),Octa-core (2x2.80 GHz Cortex-X1 & 2x2.25 GHz Cortex-A76 & 4x1.80 GHz Cortex-A55),Mali-G78 MP20,6.1,1080x2400,,4410,18,6,6|128,12.2,8,1,1,1,0,About 160 EUR
google,107,11903,Google Pixel 7,https://m.gsmarena.com/google_pixel_7-11903.php,https://fdn2.gsmarena.com/vv/bigpic/google-pixel7-new.jpg,https://m.gsmarena.com/google-phones-107.php,2026-04-27T05:29:34.004237+00:00,2022,"Available. Released 2022, October 13","Android 13, upgradable to Android 16, up to 5 major Android upgrades",Google Tensor G2 (5 nm),Octa-core (2x2.85 GHz Cortex-X1 & 2x2.35 GHz Cortex-A78 & 4x1.80 GHz Cortex-A55),Mali-G710 MP7,6.3,1080x2400,90,4355,20,8,8|128|256,50,10.8,1,1,1,0,"$ 175.00 / € 197.03 / £ 199.99 / ₹ 29,999"
google,107,11908,Google Pixel 7 Pro,https://m.gsmarena.com/google_pixel_7_pro-11908.php,https://fdn2.gsmarena.com/vv/bigpic/google-pixel7-pro-new.jpg,https://m.gsmarena.com/google-phones-107.php,2026-04-27T05:29:34.004237+00:00,2022,"Available. Released 2022, October 13","Android 13, upgradable to Android 16, up to 5 major Android upgrades",Google Tensor G2 (5 nm),Octa-core (2x2.85 GHz Cortex-X1 & 2x2.35 GHz Cortex-A78 & 4x1.80 GHz Cortex-A55),Mali-G710 MP7,6.7,1440x3120,120,5000,23,8|12,8|12|128|256|512,50,10.8,1,1,1,0,"$ 211.30 / € 282.89 / £ 239.95 / ₹ 36,899"
google,107,12170,Google Pixel 7a,https://m.gsmarena.com/google_pixel_7a-12170.php,https://fdn2.gsmarena.com/vv/bigpic/google-pixel-7a.jpg,https://m.gsmarena.com/google-phones-107.php,2026-04-27T05:29:34.004237+00:00,2023,"Available. Released 2023, May 10","Android 13, upgradable to Android 16, up to 5 major Android upgrades",Google Tensor G2 (5 nm),Octa-core (2x2.85 GHz Cortex-X1 & 2x2.35 GHz Cortex-A78 & 4x1.80 GHz Cortex-A55),Mali-G710 MP7,6.1,1080x2400,90,4385,18,8,8|128,64,13,1,1,1,0,"$ 177.60 / € 175.00 / £ 150.74 / ₹ 27,480"
google,107,12546,Google Pixel 8,https://m.gsmarena.com/google_pixel_8-12546.php,https://fdn2.gsmarena.com/vv/bigpic/google-pixel-8.jpg,https://m.gsmarena.com/google-phones-107.php,2026-04-27T05:29:34.004237+00:00,2023,"Available. Released 2023, October 12","Android 14, upgradable to Android 16, up to 7 major Android upgrades",Google Tensor G3 (4 nm),Nona-core (1x3.0 GHz Cortex-X3 & 4x2.45 GHz Cortex-A715 & 4x2.15 GHz Cortex-A510),Immortalis-G715s MC10,6.2,1080x2400,120,4575,27,8,8|128|256,50,10.5,1,1,1,0,"$ 178.83 / € 239.00 / £ 245.00 / ₹ 36,999"
google,107,12545,Google Pixel 8 Pro,https://m.gsmarena.com/google_pixel_8_pro-12545.php,https://fdn2.gsmarena.com/vv/bigpic/google-pixel-8-pro.jpg,https://m.gsmarena.com/google-phones-107.php,2026-04-27T05:29:34.004237+00:00,2023,"Available. Released 2023, October 12","Android 14, upgradable to Android 16, up to 7 major Android upgrades",Google Tensor G3 (4 nm),Nona-core (1x3.0 GHz Cortex-X3 & 4x2.45 GHz Cortex-A715 & 4x2.15 GHz Cortex-A510),Immortalis-G715s MC10,6.7,1344x2992,120,5050,30,12,12|128|256|512|1024,50,10.5,1,1,1,0,"$ 229.95 / € 396.73 / £ 245.00 / ₹ 49,990"
google,107,12937,Google Pixel 8a,https://m.gsmarena.com/google_pixel_8a-12937.php,https://fdn2.gsmarena.com/vv/bigpic/google-pixel-8a.jpg,https://m.gsmarena.com/google-phones-107.php,2026-04-27T05:29:34.004237+00:00,2024,"Available. Released 2024, May 14","Android 14, upgradable to Android 16, up to 7 major Android upgrades",Google Tensor G3 (4 nm),Nona-core (1x3.0 GHz Cortex-X3 & 4x2.45 GHz Cortex-A715 & 4x2.15 GHz Cortex-A510),Immortalis-G715s MC10,6.1,1080x2400,120,4492,18,8,8|128|256,64,13,1,1,1,0,"$ 199.95 / € 230.00 / £ 249.00 / ₹ 41,290"
google,107,13219,Google Pixel 9,https://m.gsmarena.com/google_pixel_9-13219.php,https://fdn2.gsmarena.com/vv/bigpic/google-pixel-9-.jpg,https://m.gsmarena.com/google-phones-107.php,2026-04-27T05:29:34.004237+00:00,2024,"Available. Released 2024, August 22","Android 14, upgradable to Android 16, up to 7 major Android upgrades",Google Tensor G4 (4 nm),Octa-core (1x3.1 GHz Cortex-X4 & 3x2.6 GHz Cortex-A720 & 4x1.92 GHz Cortex-A520),Mali-G715 MC7,6.3,1080x2424,120,4700,27,12,12|128|256,50,10.5,1,1,1,0,"$ 325.00 / € 456.21 / £ 293.99 / ₹ 74,999"
google,107,13218,Google Pixel 9 Pro,https://m.gsmarena.com/google_pixel_9_pro-13218.php,https://fdn2.gsmarena.com/vv/bigpic/google-pixel-9-pro-.jpg,https://m.gsmarena.com/google-phones-107.php,2026-04-27T05:29:34.004237+00:00,2024,"Available. Released 2024, September 09","Android 14, upgradable to Android 16, up to 7 major Android upgrades",Google Tensor G4 (4 nm),Octa-core (1x3.1 GHz Cortex-X4 & 3x2.6 GHz Cortex-A720 & 4x1.92 GHz Cortex-A520),Mali-G715 MC7,6.3,1280x2856,120,4700,27,16,16|128|256|512|1024,50,42,1,1,1,0,"$ 369.99 / € 576.60 / £ 449.95 / ₹ 87,999"
google,107,13220,Google Pixel 9 Pro Fold,https://m.gsmarena.com/google_pixel_9_pro_fold-13220.php,https://fdn2.gsmarena.com/vv/bigpic/google-pixel-9-pro-fold-.jpg,https://m.gsmarena.com/google-phones-107.php,2026-04-27T05:29:34.004237+00:00,2024,"Available. Released 2024, September 04","Android 14, upgradable to Android 16, up to 7 major Android upgrades",Google Tensor G4 (4 nm),Octa-core (1x3.1 GHz Cortex-X4 & 3x2.6 GHz Cortex-A720 & 4x1.92 GHz Cortex-A520),Mali-G715 MC7,8,2076x2152,120,4650,21,16,16|256|512,48,10,1,1,1,0,$ 804.95 / € 957.89 / £ 799.00
google,107,13217,Google Pixel 9 Pro XL,https://m.gsmarena.com/google_pixel_9_pro_xl-13217.php,https://fdn2.gsmarena.com/vv/bigpic/google-pixel-9-pro-xl-.jpg,https://m.gsmarena.com/google-phones-107.php,2026-04-27T05:29:34.004237+00:00,2024,"Available. Released 2024, August 22","Android 14, upgradable to Android 16, up to 7 major Android upgrades",Google Tensor G4 (4 nm),Octa-core (1x3.1 GHz Cortex-X4 & 3x2.6 GHz Cortex-A720 & 4x1.92 GHz Cortex-A520),Mali-G715 MC7,6.8,1344x2992,120,5060,37,16,16|128|256|512|1024,50,42,1,1,1,0,"$ 439.95 / € 490.99 / £ 399.00 / ₹ 99,999"
google,107,13478,Google Pixel 9a,https://m.gsmarena.com/google_pixel_9a-13478.php,https://fdn2.gsmarena.com/vv/bigpic/google-pixel-9a.jpg,https://m.gsmarena.com/google-phones-107.php,2026-04-27T05:29:34.004237+00:00,2025,"Available. Released 2025, April 10","Android 15, upgradable to Android 16, up to 7 major Android upgrades",Google Tensor G4 (4 nm),Octa-core (1x3.1 GHz Cortex-X4 & 3x2.6 GHz Cortex-A720 & 4x1.9 GHz Cortex-A520),Mali-G715 MP7,6.3,1080x2424,120,5100,23,8,8|128|256,48,13,1,1,1,0,"$ 280.79 / € 358.99 / £ 301.27 / ₹ 41,299"
google,107,12265,Google Pixel Fold,https://m.gsmarena.com/google_pixel_fold-12265.php,https://fdn2.gsmarena.com/vv/bigpic/google-pixel-fold.jpg,https://m.gsmarena.com/google-phones-107.php,2026-04-27T05:29:34.004237+00:00,2023,"Available. Released 2023, June 27","Android 13, upgradable to Android 15, up to 5 major Android upgrades",Google Tensor G2 (5 nm),Octa-core (2x2.85 GHz Cortex-X1 & 2x2.35 GHz Cortex-A78 & 4x1.80 GHz Cortex-A55),Mali-G710 MP7,7.6,1840x2208,120,4821,,12,12|256|512,48,8,1,1,1,0,$ 709.99 / € 620.85 / £ 569.99
google,107,8345,Google Pixel XL,https://m.gsmarena.com/google_pixel_xl-8345.php,https://fdn2.gsmarena.com/vv/bigpic/google-pixel-xl.jpg,https://m.gsmarena.com/google-phones-107.php,2026-04-27T05:29:34.004237+00:00,2016,Discontinued,"Android 7.1 (Nougat), upgradable to Android 10",Qualcomm MSM8996 Snapdragon 821 (14 nm),Quad-core (2x2.15 GHz Kryo & 2x1.6 GHz Kryo),Adreno 530,5.5,1440x2560,,3450,18,4,4|32|128,12.3,8,0,1,0,0,About 400 EUR
honor,121,14142,400 Smart 4G,https://m.gsmarena.com/honor_400_smart-14142.php,https://fdn2.gsmarena.com/vv/bigpic/honor-400-smart.jpg,https://m.gsmarena.com/honor-phones-121.php,2026-04-27T05:29:34.004237+00:00,,,,,,,,,,,,,,,,0,0,0,0,
honor,121,14054,Honor 400 Smart,https://m.gsmarena.com/honor_400_smart_5g-14054.php,https://fdn2.gsmarena.com/vv/bigpic/honor-400-smart-5g.jpg,https://m.gsmarena.com/honor-phones-121.php,2026-04-27T05:29:34.004237+00:00,2025,"Available. Released 2025, August 09","Android 15, Magic OS 9",Qualcomm SM6375 Snapdragon 6s Gen 3 (6 nm),Octa-core (2x2.3 GHz Cortex-A78 & 6x2.0 GHz Cortex-A55),Adreno 619,6.77,720x1610,120,6500,35,4|6|8,4|6|8|128|256,50,5,1,1,0,0,
honor,121,14296,Honor 500,https://m.gsmarena.com/honor_500_5g-14296.php,https://fdn2.gsmarena.com/vv/bigpic/honor-500.jpg,https://m.gsmarena.com/honor-phones-121.php,2026-04-27T05:29:34.004237+00:00,2025,"Available. Released 2025, November 27","Android 16, MagicOS 10",Qualcomm SM8735 Snapdragon 8s Gen 4 (4 nm),Octa-core (1x3.21 GHz Cortex-X4 & 3x3.0 GHz Cortex-A720 & 2x2.8 GHz Cortex-A720 & 2x2.0 GHz Cortex-A720),Adreno 825,6.55,1264x2736,120,8000,80,12|16,12|16|256|512,200,50,1,1,0,0,About 330 EUR
honor,121,14294,Honor 500 Pro (China),https://m.gsmarena.com/honor_500_pro_5g_(china)-14294.php,https://fdn2.gsmarena.com/vv/bigpic/honor-500-pro-cn.jpg,https://m.gsmarena.com/honor-phones-121.php,2026-04-27T05:29:34.004237+00:00,2025,"Available. Released 2025, November 27","Android 16, MagicOS 10",Qualcomm SM8750-AB Snapdragon 8 Elite (3 nm),Octa-core (2x4.32 GHz Oryon V2 Phoenix L + 6x3.53 GHz Oryon V2 Phoenix M),Adreno 830,6.55,1264x2736,120,8000,80,12|16,12|16|256|512|1024,200,50,1,1,0,0,About 440 EUR
honor,121,14605,Honor 600,https://m.gsmarena.com/honor_600_5g-14605.php,https://fdn2.gsmarena.com/vv/bigpic/honor-600.jpg,https://m.gsmarena.com/honor-phones-121.php,2026-04-27T05:29:34.004237+00:00,2026,"Coming soon. Exp. release 2026, May 30","Android 16, up to 6 major Android upgrades, MagicOS 10",Qualcomm SM7750-AB Snapdragon 7 Gen 4 (4 nm),Octa-core (1x2.8 GHz Cortex-720 & 4x2.4 GHz Cortex-720 & 3x1.8 GHz Cortex-520),Adreno 722,6.57,1264x2728,120,7000,80,8|12,8|12|128|256|512,200,50,1,1,1,0,About 550 EUR
honor,121,14522,Honor 600 Lite,https://m.gsmarena.com/honor_600_lite_5g-14522.php,https://fdn2.gsmarena.com/vv/bigpic/honor-600-lite.jpg,https://m.gsmarena.com/honor-phones-121.php,2026-04-27T05:29:34.004237+00:00,2026,"Available. Released 2026, March 05","Android 16, up to 6 major Android upgrades, MagicOS 10",Mediatek Dimensity 7100 Elite (6 nm),Octa-core (4x2.4 GHz Cortex-A78 & 4x2.0 GHz Cortex-A55),Mali-G610 MC2,6.6,1200x2600,120,6520,45,8|12,8|12|128|256,108,16,1,1,1,0,€ 339.99 / £ 300.67
honor,121,14604,Honor 600 Pro,https://m.gsmarena.com/honor_600_pro_5g-14604.php,https://fdn2.gsmarena.com/vv/bigpic/honor-600-pro.jpg,https://m.gsmarena.com/honor-phones-121.php,2026-04-27T05:29:34.004237+00:00,2026,"Coming soon. Exp. release 2026, April 29","Android 16, up to 6 major Android upgrades, MagicOS 10",Qualcomm SM8750-AB Snapdragon 8 Elite (3 nm),Octa-core (2x4.32 GHz Oryon V2 Phoenix L + 6x3.53 GHz Oryon V2 Phoenix M),Adreno 830 (1200 MHz),6.57,1264x2728,120,7000,80,12|16,12|16|256|512|1024,200,50,1,1,1,0,About 800 EUR
honor,121,14080,Honor Magic V Flip 2,https://m.gsmarena.com/honor_magic_v_flip_2_5g-14080.php,https://fdn2.gsmarena.com/vv/bigpic/honor-magic-v-flip-2-.jpg,https://m.gsmarena.com/honor-phones-121.php,2026-04-27T05:29:34.004237+00:00,2025,"Available. Released 2025, August 21","Android 15, MagicOS 9",Qualcomm SM8650-AB Snapdragon 8 Gen 3 (4 nm),Octa-core (1x3.3 GHz Cortex-X4 & 3x3.2 GHz Cortex-A720 & 2x3.0 GHz Cortex-A720 & 2x2.3 GHz Cortex-A520),Adreno 750,6.82,1232x2868,120,5500,80,12|16,12|16|256|512|1024,200,50,1,1,0,0,
honor,121,13982,Honor Magic V5,https://m.gsmarena.com/honor_magic_v5-13982.php,https://fdn2.gsmarena.com/vv/bigpic/honor-magic-v5.jpg,https://m.gsmarena.com/honor-phones-121.php,2026-04-27T05:29:34.004237+00:00,2025,"Available. Released 2025, July 02","Android 15, upgradable to Android 16, MagicOS 10, up to 7 major Android upgrades",Qualcomm SM8750-AB Snapdragon 8 Elite (3 nm),Octa-core (2x4.32 GHz Oryon V2 Phoenix L + 6x3.53 GHz Oryon V2 Phoenix M),Adreno 830,7.95,2172x2352,120,5820,66,12|16,12|16|256|512|1024,50,20,1,1,1,0,"$ 1,259.00 / € 1,270.00 / £ 1,299.00"
honor,121,14518,Honor Magic V6,https://m.gsmarena.com/honor_magic_v6_5g-14518.php,https://fdn2.gsmarena.com/vv/bigpic/honor-magic-v6.jpg,https://m.gsmarena.com/honor-phones-121.php,2026-04-27T05:29:34.004237+00:00,2026,"Available. Released 2026, March 13","Android 16, up to 7 major Android upgrades, MagicOS 10",Qualcomm SM8850-AC Snapdragon 8 Elite Gen 5 (3 nm),Octa-core (2x4.6 GHz Oryon V3 Phoenix L + 6x3.62 GHz Oryon V3 Phoenix M),Adreno 840,7.95,2172x2352,120,6660,80,12|16,12|16|256|512|1024,50,20,1,1,1,0,
honor,121,14232,Honor Magic8,https://m.gsmarena.com/honor_magic8_5g-14232.php,https://fdn2.gsmarena.com/vv/bigpic/honor-magic8.jpg,https://m.gsmarena.com/honor-phones-121.php,2026-04-27T05:29:34.004237+00:00,2025,"Available. Released 2025, October 23","Android 16, up to 7 major Android upgrades, MagicOS 10",Qualcomm SM8850-AC Snapdragon 8 Elite Gen 5 (3 nm),Octa-core (2x4.6 GHz Oryon V3 Phoenix L + 6x3.62 GHz Oryon V3 Phoenix M),Adreno 840,6.58,1256x2760,120,7000,90,12|16,12|16|256|512|1024,50,50,1,1,0,0,About 540 EUR
honor,121,14341,Honor Magic8 Lite,https://m.gsmarena.com/honor_magic8_lite_5g-14341.php,https://fdn2.gsmarena.com/vv/bigpic/honor-x70.jpg,https://m.gsmarena.com/honor-phones-121.php,2026-04-27T05:29:34.004237+00:00,2025,"Available. Released 2025, December","Android 15, Magic OS 9",Qualcomm Snapdragon 6 Gen 4 (4 nm),Octa-core (1x2.3 GHz Cortex-A720s & 3x2.2 GHz Cortex-A720s & 4x1.8 GHz Cortex-A520s),Adreno 810,6.79,1200x2640,120,7500,66,8,8|256|512,108,16,1,1,1,0,€ 334.80 / £ 319.99
honor,121,14231,Honor Magic8 Pro,https://m.gsmarena.com/honor_magic8_pro_5g-14231.php,https://fdn2.gsmarena.com/vv/bigpic/honor-magic8-pro.jpg,https://m.gsmarena.com/honor-phones-121.php,2026-04-27T05:29:34.004237+00:00,2025,"Available. Released 2025, October 23","Android 16, up to 7 major Android upgrades, MagicOS 10",Qualcomm SM8850-AC Snapdragon 8 Elite Gen 5 (3 nm),Octa-core (2x4.6 GHz Oryon V3 Phoenix L + 6x3.62 GHz Oryon V3 Phoenix M),Adreno 840,6.71,1256x2808,120,7100,100,12|16,12|16|256|512|1024,50,50,1,1,1,0,$ 999.29 / € 898.90 / £ 826.99
honor,121,14405,Honor Magic8 Pro Air,https://m.gsmarena.com/honor_magic8_pro_air_5g-14405.php,https://fdn2.gsmarena.com/vv/bigpic/honor-magic8-pro-air.jpg,https://m.gsmarena.com/honor-phones-121.php,2026-04-27T05:29:34.004237+00:00,2026,"Available. Released 2026, January 23","Android 16, MagicOS 10",Mediatek Dimensity 9500 (3 nm),Octa-core (1x4.21 GHz C1-Ultra & 3x3.5 GHz C1-Premium & 4x2.7 GHz C1-Pro),Arm G1-Ultra,6.31,1216x2640,120,5500,80,12|16,12|16|256|512|1024,50,50,1,1,1,0,
honor,121,14429,Honor Magic8 RSR Porsche Design,https://m.gsmarena.com/honor_magic8_rsr_porsche_design_5g-14429.php,https://fdn2.gsmarena.com/vv/bigpic/honor-magic8-rsr-porsche-design.jpg,https://m.gsmarena.com/honor-phones-121.php,2026-04-27T05:29:34.004237+00:00,2026,"Available. Released 2026, January 23","Android 16, MagicOS 10",Qualcomm SM8850-AC Snapdragon 8 Elite Gen 5 (3 nm),Octa-core (2x4.6 GHz Oryon V3 Phoenix L + 6x3.62 GHz Oryon V3 Phoenix M),Adreno 840,6.71,1256x2808,120,7200,120,16|24,16|24|512|1024,50,50,1,1,1,0,About 1000 EUR
honor,121,14016,Honor MagicPad 3,https://m.gsmarena.com/honor_magicpad_3-14016.php,https://fdn2.gsmarena.com/vv/bigpic/honor-magicpad3.jpg,https://m.gsmarena.com/honor-phones-121.php,2026-04-27T05:29:34.004237+00:00,2025,"Available. Released 2025, July 02","Android 15, MagicOS 9",Qualcomm SM8650-AC Snapdragon 8 Gen 3 (4 nm),Octa-core (1x3.3 GHz Cortex-X4 & 3x3.2 GHz Cortex-A720 & 2x3.0 GHz Cortex-A720 & 2x2.3 GHz Cortex-A520),Adreno 750 (1 GHz),13.3,2136x3200,165,12450,66,8|12|16,8|12|16|256|512|1024,13,9,0,0,0,0,About 360 EUR
honor,121,14629,Honor MagicPad 3 Pro 12.3,https://m.gsmarena.com/honor_magicpad_3_pro_12_3-14629.php,https://fdn2.gsmarena.com/vv/bigpic/honor-magicpad-3-pro-123.jpg,https://m.gsmarena.com/honor-phones-121.php,2026-04-27T05:29:34.004237+00:00,2026,"Coming soon. Exp. release 2026, April 28","Android 16, MagicOS 10",Qualcomm SM8845 Snapdragon 8 Gen 5 (3 nm),Octa-core (2x3.8 GHz Oryon V3 Phoenix L + 6x3.32 GHz Oryon V3 Phoenix M),Adreno 829,12.3,1920x3000,165,10100,66,8|12|16,8|12|16|256|512,13,9,0,0,0,0,About 500 EUR
honor,121,14243,Honor MagicPad3 Pro 13.3,https://m.gsmarena.com/honor_magicpad_3_pro-14243.php,https://fdn2.gsmarena.com/vv/bigpic/honor-magicpad3-pro.jpg,https://m.gsmarena.com/honor-phones-121.php,2026-04-27T05:29:34.004237+00:00,2025,"Available. Released 2025, October 23","Android 16, MagicOS 10",Qualcomm SM8850-AC Snapdragon 8 Elite Gen 5 (3 nm),Octa-core (2x4.6 GHz Oryon V3 Phoenix L + 6x3.62 GHz Oryon V3 Phoenix M),Adreno 840,13.3,2136x3200,165,12450,80,12|16,12|16|256|512,13,9,0,0,0,0,About 460 EUR
honor,121,14511,Honor MagicPad4,https://m.gsmarena.com/honor_magicpad4-14511.php,https://fdn2.gsmarena.com/vv/bigpic/honor-magicpad4.jpg,https://m.gsmarena.com/honor-phones-121.php,2026-04-27T05:29:34.004237+00:00,2026,"Available. Released 2026, March","Android 16, MagicOS 10",Qualcomm SM8845 Snapdragon 8 Gen 5 (3 nm),Octa-core (2x3.8 GHz Oryon V3 Phoenix L + 6x3.32 GHz Oryon V3 Phoenix M),Adreno 829,12.3,1920x3000,165,10100,66,12|16,12|16|256|512,13,9,0,0,0,0,
honor,121,14357,Honor Play 60A,https://m.gsmarena.com/honor_play_60a_5g-14357.php,https://fdn2.gsmarena.com/vv/bigpic/honor-play-60a.jpg,https://m.gsmarena.com/honor-phones-121.php,2026-04-27T05:29:34.004237+00:00,2025,"Available. Released 2025, December","Android 15, MagicOS 9",Mediatek Dimensity 6300 (6 nm),Octa-core (2x2.4 GHz Cortex-A76 & 6x2.0 GHz Cortex-A55),Mali-G57 MC2,6.75,720x1600,90,5300,15,4|6,4|6|128,13,5,1,0,0,0,About 190 EUR
honor,121,14578,Honor Play 80,https://m.gsmarena.com/honor_play_80_5g-14578.php,https://fdn2.gsmarena.com/vv/bigpic/honor-play-80-play.jpg,https://m.gsmarena.com/honor-phones-121.php,2026-04-27T05:29:34.004237+00:00,2026,"Available. Released 2026, April","Android 15, Magic OS 9",Mediatek Dimensity 6300 (6 nm),Octa-core (2x2.4 GHz Cortex-A76 & 6x2.0 GHz Cortex-A55),Mali-G57 MC2,6.75,720x1600,90,5300,15,4|6|8,4|6|8|128|256,13,5,1,0,0,0,
honor,121,14577,Honor Play 80 Pro,https://m.gsmarena.com/honor_play_80_pro_5g-14577.php,https://fdn2.gsmarena.com/vv/bigpic/honor-play80-play.jpg,https://m.gsmarena.com/honor-phones-121.php,2026-04-27T05:29:34.004237+00:00,2026,"Available. Released 2026, April","Android 15, Magic OS 9",Qualcomm SM6375 Snapdragon 6s Gen 3 (6 nm),Octa-core (2x2.3 GHz Cortex-A78 & 6x2.0 GHz Cortex-A55),Adreno 619,6.8,720x1610,120,7000,45,6|8|12,6|8|12|256,50,5,1,1,0,0,About 270 EUR
honor,121,14126,Honor Play10,https://m.gsmarena.com/honor_play10-14126.php,https://fdn2.gsmarena.com/vv/bigpic/honor-play10.jpg,https://m.gsmarena.com/honor-phones-121.php,2026-04-27T05:29:34.004237+00:00,2025,"Available. Released 2025, September",Android 15 (Go edition),Mediatek Helio G81 (12 nm),Octa-core (2x2.0 GHz Cortex-A75 & 6x1.7 GHz Cortex-A55),Mali-G52 MC2,6.74,720x1600,,5000,10,3|4,3|4|64|128,13,5,0,0,0,1,
honor,121,14253,Honor Play10A,https://m.gsmarena.com/honor_play10a-14253.php,https://fdn2.gsmarena.com/vv/bigpic/honor-play10a.jpg,https://m.gsmarena.com/honor-phones-121.php,2026-04-27T05:29:34.004237+00:00,2025,"Available. Released 2025, October 23","Android 15, MagicOS 9",Mediatek Helio G81 (12 nm),Octa-core (2x2.0 GHz Cortex-A75 & 6x1.7 GHz Cortex-A55),Mali-G52 MC2,6.74,720x1600,90,5260,15,4,4|128,50,5,0,0,0,1,About 80 EUR
honor,121,14060,Honor Play10C,https://m.gsmarena.com/honor_play10c_5g-14060.php,https://fdn2.gsmarena.com/vv/bigpic/honor-play-10c.jpg,https://m.gsmarena.com/honor-phones-121.php,2026-04-27T05:29:34.004237+00:00,2025,"Available. Released Exp. release 2025, August 12","Android 15, MagicOS 9",Mediatek Dimensity 6300 (6 nm),Octa-core (2x2.4 GHz Cortex-A76 & 6x2.0 GHz Cortex-A55),Mali-G57 MC2,6.61,720x1604,120,6000,15,4|6|8,4|6|8|128|256,13,5,1,0,0,0,About 80 EUR
honor,121,14364,Honor Power2,https://m.gsmarena.com/honor_power_2_5g-14364.php,https://fdn2.gsmarena.com/vv/bigpic/honor-power2.jpg,https://m.gsmarena.com/honor-phones-121.php,2026-04-27T05:29:34.004237+00:00,2026,"Available. Released 2026, January 09","Android 16, MagicOS 10",Mediatek Dimensity 8500 Elite (4 nm),Octa-core (1x3.4 GHz Cortex-A725 & 3x3.2 GHz Cortex-A725 & 4x2.2 GHz Cortex-A725),Mali-G720 MC8,6.79,1200x2640,120,10080,80,12,12|256|512,50,16,1,1,0,0,About 330 EUR
honor,121,14377,Honor Win,https://m.gsmarena.com/honor_win_5g-14377.php,https://fdn2.gsmarena.com/vv/bigpic/honor-win.jpg,https://m.gsmarena.com/honor-phones-121.php,2026-04-27T05:29:34.004237+00:00,2025,"Available. Released 2026, January 01","Android 16, MagicOS 10",Qualcomm SM8850-AC Snapdragon 8 Elite Gen 5 (3 nm),Octa-core (2x4.6 GHz Oryon V3 Phoenix L + 6x3.62 GHz Oryon V3 Phoenix M),Adreno 840,6.83,1272x2800,185,10000,100,12|16,12|16|256|512|1024,50,50,1,1,0,0,About 480 EUR
honor,121,14376,Honor Win RT,https://m.gsmarena.com/honor_win_rt_5g-14376.php,https://fdn2.gsmarena.com/vv/bigpic/honor-win-rt.jpg,https://m.gsmarena.com/honor-phones-121.php,2026-04-27T05:29:34.004237+00:00,2025,"Available. Released 2026, January 01","Android 16, MagicOS 10",Qualcomm SM8750-AB Snapdragon 8 Elite (3 nm),Octa-core (2x4.32 GHz Oryon V2 Phoenix L + 6x3.53 GHz Oryon V2 Phoenix M),Adreno 830,6.83,1272x2800,185,10000,100,12|16,12|16|256|512|1024,50,50,1,1,0,0,About 330 EUR
honor,121,14251,Honor X5c,https://m.gsmarena.com/honor_x5c-14251.php,https://fdn2.gsmarena.com/vv/bigpic/honor-x5c-plus-r.jpg,https://m.gsmarena.com/honor-phones-121.php,2026-04-27T05:29:34.004237+00:00,2025,"Available. Released 2025, October 05","Android 15, MagicOS 9",Mediatek Helio G81 (12 nm),Octa-core (2x2.0 GHz Cortex-A75 & 6x1.7 GHz Cortex-A55),Mali-G52 MC2,6.74,720x1600,90,5260,15,4,4|64|128,50,5,0,0,0,1,
honor,121,14156,Honor X5c Plus,https://m.gsmarena.com/honor_x5c_plus-14156.php,https://fdn2.gsmarena.com/vv/bigpic/honor-x5c-plus-r.jpg,https://m.gsmarena.com/honor-phones-121.php,2026-04-27T05:29:34.004237+00:00,2025,"Available. Released 2025, September 24","Android 15, MagicOS 9",Mediatek Helio G81 (12 nm),Octa-core (2x2.0 GHz Cortex-A75 & 6x1.7 GHz Cortex-A55),Mali-G52 MC2,6.74,720x1600,90,5260,15,4|6,4|6|64|128|256,50,5,0,0,0,1,About 80 EUR
honor,121,14583,Honor X5d,https://m.gsmarena.com/honor_x5d-14583.php,https://fdn2.gsmarena.com/vv/bigpic/honor-x5d.jpg,https://m.gsmarena.com/honor-phones-121.php,2026-04-27T05:29:34.004237+00:00,2026,"Available. Released 2026, April 09","Android 15, MagicOS 9",Mediatek Helio G81 (12 nm),Octa-core (2x2.0 GHz Cortex-A75 & 6x1.7 GHz Cortex-A55),Mali-G52 MC2,6.74,720x1600,90,5260,15,4,4|64,13,5,0,0,0,1,About 90 EUR
honor,121,14584,Honor X5d Plus,https://m.gsmarena.com/honor_x5d_plus-14584.php,https://fdn2.gsmarena.com/vv/bigpic/honor-x5d-plus.jpg,https://m.gsmarena.com/honor-phones-121.php,2026-04-27T05:29:34.004237+00:00,2026,"Available. Released 2026, April 09","Android 15, MagicOS 9",Mediatek Helio G81 (12 nm),Octa-core (2x2.0 GHz Cortex-A75 & 6x1.7 GHz Cortex-A55),Mali-G52 MC2,6.74,720x1600,90,5260,15,4,4|128,50,5,0,0,0,1,About 100 EUR
honor,121,14195,Honor X6b,https://m.gsmarena.com/honor_x6b_5g-14195.php,https://fdn2.gsmarena.com/vv/bigpic/honor-x6b-5g.jpg,https://m.gsmarena.com/honor-phones-121.php,2026-04-27T05:29:34.004237+00:00,2025,"Available. Released 2025, June","Android 14, MagicOS 8",Qualcomm SM4450 Snapdragon 4 Gen 2 (4 nm),Octa-core (2x2.2 GHz Cortex-A78 & 6x1.95 GHz Cortex-A55),Adreno 613,6.77,720x1610,120,5200,35,4,4|256,50,5,1,1,0,0,
honor,121,14484,Honor X6d,https://m.gsmarena.com/honor_x6d_5g-14484.php,https://fdn2.gsmarena.com/vv/bigpic/honor-play-60a.jpg,https://m.gsmarena.com/honor-phones-121.php,2026-04-27T05:29:34.004237+00:00,2026,"Available. Released 2026, February","Android 16, MagicOS 10",Mediatek Dimensity 6300 (6 nm),Octa-core (2x2.4 GHz Cortex-A76 & 6x2.0 GHz Cortex-A55),Mali-G57 MC2,6.75,720x1600,90,5260,15,4|6,4|6|128|256,50,5,1,1,0,1,About 120 EUR
honor,121,13994,Honor X70,https://m.gsmarena.com/honor_x70_5g-13994.php,https://fdn2.gsmarena.com/vv/bigpic/honor-x70.jpg,https://m.gsmarena.com/honor-phones-121.php,2026-04-27T05:29:34.004237+00:00,2025,"Available. Released 2025, July 18","Android 15, upgradable to Android 16, MagicOS 10",Qualcomm Snapdragon 6 Gen 4 (4 nm),Octa-core (1x2.3 GHz Cortex-A720s & 3x2.2 GHz Cortex-A720s & 4x1.8 GHz Cortex-A520s),Adreno 810,6.79,1200x2640,120,8300,80,8|12,8|12|128|256|512,50,8,1,1,0,0,About 170 EUR
honor,121,14589,Honor X70 Refresh,https://m.gsmarena.com/honor_x70_refresh_edition_5g-14589.php,https://fdn2.gsmarena.com/vv/bigpic/honor-x70-refresh.jpg,https://m.gsmarena.com/honor-phones-121.php,2026-04-27T05:29:34.004237+00:00,2026,"Available. Released 2026, April","Android 16, MagicOS 10",Qualcomm Snapdragon 6 Gen 4 (4 nm),Octa-core (1x2.3 GHz Cortex-A720s & 3x2.2 GHz Cortex-A720s & 4x1.8 GHz Cortex-A520s),Adreno 810,6.79,1200x2640,120,8300,80,8|12,8|12|128|256|512,50,8,1,1,0,0,About 210 EUR
honor,121,14065,Honor X7c,https://m.gsmarena.com/honor_x7c_5g-14065.php,https://fdn2.gsmarena.com/vv/bigpic/honor-x7c-5g.jpg,https://m.gsmarena.com/honor-phones-121.php,2026-04-27T05:29:34.004237+00:00,2025,"Available. Released 2025, August 20","Android 14, MagicOS 8",Qualcomm SM4450 Snapdragon 4 Gen 2 (4 nm),Octa-core (2x2.2 GHz Cortex-A78 & 6x1.95 GHz Cortex-A55),Adreno 613,6.8,1080x2412,120,5200,35,4|8,4|8|256,50,5,1,1,0,0,About 150 EUR
honor,121,14175,Honor X7d,https://m.gsmarena.com/honor_x7d_5g-14175.php,https://fdn2.gsmarena.com/vv/bigpic/honor-400-smart-5g.jpg,https://m.gsmarena.com/honor-phones-121.php,2026-04-27T05:29:34.004237+00:00,2025,"Available. Released 2025, September 24","Android 15, Magic OS 9",Qualcomm SM6375 Snapdragon 6s Gen 3 (6 nm),Octa-core (2x2.3 GHz Cortex-A78 & 6x2.0 GHz Cortex-A55),Adreno 619,6.77,720x1610,120,6500,35,6|8,6|8|128|256,50,5,1,1,0,0,About 140 EUR
honor,121,14093,Honor X7d 4G,https://m.gsmarena.com/honor_x7d-14093.php,https://fdn2.gsmarena.com/vv/bigpic/honor-x7d-4g.jpg,https://m.gsmarena.com/honor-phones-121.php,2026-04-27T05:29:34.004237+00:00,2025,"Available. Released 2025, September 15","Android 15, MagicOS 9",Qualcomm SM6225 Snapdragon 685 (6 nm),Octa-core (4x2.8 GHz Cortex-A73 & 4x1.9 GHz Cortex-A53),Adreno 610,6.77,720x1610,120,6500,35,6|8,6|8|128|256|512,108,8,0,1,0,1,About 500 EUR
honor,121,14579,Honor X80i,https://m.gsmarena.com/honor_x80i_5g-14579.php,https://fdn2.gsmarena.com/vv/bigpic/honor-x80i.jpg,https://m.gsmarena.com/honor-phones-121.php,2026-04-27T05:29:34.004237+00:00,2026,"Available. Released 2026, April 10","Android 16, MagicOS 10",Mediatek Dimensity 6500 Elite (6 nm),Octa-core (2x2.6 GHz Cortex-A76 & 6x2.0 GHz Cortex-A55),Mali-G57 MC2,6.6,1200x2600,120,7000,45,8|12,8|12|128|256|512,50,8,1,1,0,0,About 250 EUR
honor,121,14351,Honor X8d,https://m.gsmarena.com/honor_x8d-14351.php,https://fdn2.gsmarena.com/vv/bigpic/honor-x8d.jpg,https://m.gsmarena.com/honor-phones-121.php,2026-04-27T05:29:34.004237+00:00,2025,"Available. Released 2025, December","Android 15, MagicOS 10",Qualcomm Snapdragon 6s 4G Gen 2,Octa-core (4x2.9 GHz Cortex-A73 & 4x1.9 GHz Cortex-A53),Adreno,6.77,1080x2392,120,7000,45,8,8|128|256|512,108,16,0,1,0,1,
honor,121,14176,Honor X9d,https://m.gsmarena.com/honor_x9d_5g-14176.php,https://fdn2.gsmarena.com/vv/bigpic/honor-x70.jpg,https://m.gsmarena.com/honor-phones-121.php,2026-04-27T05:29:34.004237+00:00,2025,"Available. Released 2025, October 09","Android 15, Magic OS 9",Qualcomm Snapdragon 6 Gen 4 (4 nm),Octa-core (1x2.3 GHz Cortex-A720s & 3x2.2 GHz Cortex-A720s & 4x1.8 GHz Cortex-A520s),Adreno 810,6.79,1200x2640,120,8300,66,8|12,8|12|256|512,108,16,1,1,0,0,About 300 EUR
infinix,119,14044,GT 30,https://m.gsmarena.com/infinix_gt_30_5g-14044.php,https://fdn2.gsmarena.com/vv/bigpic/infinix-gt30-5g.jpg,https://m.gsmarena.com/infinix-phones-119.php,2026-04-27T05:29:34.004237+00:00,,,,,,,,,,,,,,,,0,0,0,0,
infinix,119,13305,Hot 50,https://m.gsmarena.com/infinix_hot_50-13305.php,https://fdn2.gsmarena.com/vv/bigpic/infinix-hot-50-5g-x6720-.jpg,https://m.gsmarena.com/infinix-phones-119.php,2026-04-27T05:29:34.004237+00:00,,,,,,,,,,,,,,,,0,0,0,0,
infinix,119,13375,Hot 50i,https://m.gsmarena.com/infinix_hot_50i-13375.php,https://fdn2.gsmarena.com/vv/bigpic/infinix-hot-50i.jpg,https://m.gsmarena.com/infinix-phones-119.php,2026-04-27T05:29:34.004237+00:00,,,,,,,,,,,,,,,,0,0,0,0,
infinix,119,14002,Hot 60 Pro+,https://m.gsmarena.com/infinix_hot_60_pro+-14002.php,https://fdn2.gsmarena.com/vv/bigpic/infinix-hot-60-pro-plus.jpg,https://m.gsmarena.com/infinix-phones-119.php,2026-04-27T05:29:34.004237+00:00,,,,,,,,,,,,,,,,0,0,0,0,
infinix,119,12962,Infinix GT 20 Pro,https://m.gsmarena.com/infinix_gt_20_pro-12962.php,https://fdn2.gsmarena.com/vv/bigpic/infinix-gt20-pro.jpg,https://m.gsmarena.com/infinix-phones-119.php,2026-04-27T05:29:34.004237+00:00,2024,"Available. Released 2024, April 26","Android 14, XOS 14",Mediatek Dimensity 8200 Ultimate (4 nm),Octa-core (1x3.1 GHz Cortex-A78 & 3x3.0 GHz Cortex-A78 & 4x2.0 GHz Cortex-A55),Mali-G610 MC6,6.78,1080x2436,144,5000,45,8|12,8|12|256,108,32,1,1,0,1,About 250 EUR
infinix,119,13889,Infinix GT 30 Pro,https://m.gsmarena.com/infinix_gt_30_pro_5g-13889.php,https://fdn2.gsmarena.com/vv/bigpic/infinix-gt30-pro.jpg,https://m.gsmarena.com/infinix-phones-119.php,2026-04-27T05:29:34.004237+00:00,2025,"Available. Released 2025, June 01","Android 15, up to 2 major Android upgrades, XOS 15",Mediatek Dimensity 8350 Ultimate (4 nm),Octa-core (1x3.35 GHz Cortex-A715 & 3x3.20 GHz Cortex-A715 & 4x2.20 GHz Cortex-A510),Mali G615-MC6,6.78,1224x2720,144,5200,45,8|12,8|12|256|512,108,13,1,1,0,0,"₹ 27,999"
infinix,119,14497,Infinix GT 50 Pro,https://m.gsmarena.com/infinix_gt_50_pro_5g-14497.php,https://fdn2.gsmarena.com/vv/bigpic/infinix-gt50-pro.jpg,https://m.gsmarena.com/infinix-phones-119.php,2026-04-27T05:29:34.004237+00:00,2026,"Coming soon. Exp. release 2026, April 25","Android 16, up to 3 major Android upgrades, XOS 16",Mediatek Dimensity 8400 Ultimate (4 nm),Octa-core (1x3.25 GHz Cortex-A725 & 3x3.0 GHz Cortex-A725 & 4x2.1 GHz Cortex-A725),Mali-G720 MC7,6.78,1208x2644,144,6150,45,12,12|256|512,50,13,1,1,0,0,About 330 EUR
infinix,119,12732,Infinix Hot 40,https://m.gsmarena.com/infinix_hot_40-12732.php,https://fdn2.gsmarena.com/vv/bigpic/infinix-hot-40.jpg,https://m.gsmarena.com/infinix-phones-119.php,2026-04-27T05:29:34.004237+00:00,2023,"Available. Released 2023, December","Android 13, XOS 13.5",Mediatek MT6769H Helio G88 (12 nm),Octa-core (2x2.0 GHz Cortex-A75 & 6x1.8 GHz Cortex-A55),Mali-G52 MC2,6.78,1080x2460,90,5000,33,8,8|128|256,50,32,0,1,0,1,
infinix,119,12733,Infinix Hot 40 Pro,https://m.gsmarena.com/infinix_hot_40_pro-12733.php,https://fdn2.gsmarena.com/vv/bigpic/infinix-hot-40-pro.jpg,https://m.gsmarena.com/infinix-phones-119.php,2026-04-27T05:29:34.004237+00:00,2023,"Available. Released 2023, December","Android 13, XOS 13.5",Mediatek Helio G99 (6 nm),Octa-core (2x2.2 GHz Cortex-A76 & 6x2.0 GHz Cortex-A55),Mali-G57 MC2,6.78,1080x2460,120,5000,33,8|12,8|12|128|256,108,32,0,1,0,1,€ 226.45 / £ 194.15
infinix,119,12731,Infinix Hot 40i,https://m.gsmarena.com/infinix_hot_40i-12731.php,https://fdn2.gsmarena.com/vv/bigpic/infinix-hot-40i.jpg,https://m.gsmarena.com/infinix-phones-119.php,2026-04-27T05:29:34.004237+00:00,2023,"Available. Released 2023, December","Android 13, XOS 13",Unisoc T606 (12 nm),Octa-core (2x1.6 GHz Cortex-A75 & 6x1.6 GHz Cortex-A55),Mali-G57 MP1,6.56,720x1612,90,5000,18,4|8,4|8|128|256,50,32,0,1,0,1,
infinix,119,13367,Infinix Hot 50 4G,https://m.gsmarena.com/infinix_hot_50_4g-13367.php,https://fdn2.gsmarena.com/vv/bigpic/infinix-hot-50-4g.jpg,https://m.gsmarena.com/infinix-phones-119.php,2026-04-27T05:29:34.004237+00:00,2024,"Available. Released 2024, October","Android 14, XOS 14.5",Mediatek Helio G100 (6 nm),Octa-core (2x2.2 GHz Cortex-A76 & 6x2.0 GHz Cortex-A55),Mali-G57 MC2,6.78,1080x2460,120,5000,18,6|8,6|8|128|256,50,8,0,1,0,1,
infinix,119,13461,Infinix Hot 50 Pro 4G,https://m.gsmarena.com/infinix_hot_50_pro_4g-13461.php,https://fdn2.gsmarena.com/vv/bigpic/infinix-hot-50-pro-4g.jpg,https://m.gsmarena.com/infinix-phones-119.php,2026-04-27T05:29:34.004237+00:00,2024,"Available. Released 2024, November","Android 14, up to 1 major Android upgrades, XOS 14.5",Mediatek Helio G100 (6 nm),Octa-core (2x2.2 GHz Cortex-A76 & 6x2.0 GHz Cortex-A55),Mali-G57 MC2,6.78,1080x2436,120,5000,33,8,8|128|256,50,8,0,1,0,1,
infinix,119,13408,Infinix Hot 50 Pro+ 4G,https://m.gsmarena.com/infinix_hot_50_pro+_4g-13408.php,https://fdn2.gsmarena.com/vv/bigpic/infinix-hot-50-pro-plus-4g.jpg,https://m.gsmarena.com/infinix-phones-119.php,2026-04-27T05:29:34.004237+00:00,2024,"Available. Released 2024, November","Android 14, up to 1 major Android upgrades, XOS 14.5",Mediatek Helio G100 (6 nm),Octa-core (2x2.2 GHz Cortex-A76 & 6x2.0 GHz Cortex-A55),Mali-G57 MC2,6.78,1080x2436,120,5000,33,8,8|128|256,50,13,0,1,0,1,About 190 EUR
infinix,119,14006,Infinix Hot 60,https://m.gsmarena.com/infinix_hot_60_5g-14006.php,https://fdn2.gsmarena.com/vv/bigpic/infinix-hot60-5g.jpg,https://m.gsmarena.com/infinix-phones-119.php,2026-04-27T05:29:34.004237+00:00,2025,"Available. Released 2025, July 15","Android 15, up to 3 major Android upgrades, XOS 15.1",Mediatek Dimensity 7020 (6 nm),Octa-core (2x2.2 GHz Cortex-A78 & 6x2.0 GHz Cortex-A55),IMG BXM-8-256,6.7,720x1600,120,5200,18,6|8,6|8|128|256,50,8,1,0,0,1,About 110 EUR
infinix,119,14003,Infinix Hot 60 Pro,https://m.gsmarena.com/infinix_hot_60_pro-14003.php,https://fdn2.gsmarena.com/vv/bigpic/infinix-hot-60-pro.jpg,https://m.gsmarena.com/infinix-phones-119.php,2026-04-27T05:29:34.004237+00:00,2025,"Available. Released 2025, July 13","Android 15, up to 3 major Android upgrades, XOS 15.1",Mediatek Helio G200 (6 nm),Octa-core (2x2.2 GHz Cortex-A76 & 6x2.0 GHz Cortex-A55),Mali-G57 MC2 (1.1GHz),6.78,1224x2720,144,5160,45,8,8|128|256,50,13,0,1,0,1,About 360 EUR
infinix,119,14072,Infinix Hot 60i,https://m.gsmarena.com/infinix_hot_60i_5g-14072.php,https://fdn2.gsmarena.com/vv/bigpic/infinix-hot-60i-5g-official.jpg,https://m.gsmarena.com/infinix-phones-119.php,2026-04-27T05:29:34.004237+00:00,2025,"Available. Released 2025, August 21","Android 15, XOS 15.1",Mediatek Dimensity 6400 (6 nm),Octa-core (2x2.5 GHz Cortex-A76 & 6x2.0 GHz Cortex-A55),Mali-G57 MC2,6.75,720x1600,120,6000,18,4,4|128,50,5,1,1,0,1,About 90 EUR
infinix,119,13983,Infinix Hot 60i 4G,https://m.gsmarena.com/infinix_hot_60i-13983.php,https://fdn2.gsmarena.com/vv/bigpic/infinix-hot-60i.jpg,https://m.gsmarena.com/infinix-phones-119.php,2026-04-27T05:29:34.004237+00:00,2025,"Available. Released 2025, July 02","Android 15, XOS 15.1",Mediatek Helio G81 Ultimate (12 nm),Octa-core (2x2.0 GHz Cortex-A75 & 6x1.8 GHz Cortex-A55),Mali-G52 MC2,6.7,720x1600,120,5160,45,4|6|8,4|6|8|128|256,50,8,0,1,0,1,About 100 EUR
infinix,119,12877,Infinix Note 40,https://m.gsmarena.com/infinix_note_40-12877.php,https://fdn2.gsmarena.com/vv/bigpic/infinix-note-40-4g-.jpg,https://m.gsmarena.com/infinix-phones-119.php,2026-04-27T05:29:34.004237+00:00,2024,"Available. Released 2024, March 19","Android 14, XOS 14",Mediatek Helio G99 Ultimate,Octa-core (2x2.2 GHz Cortex-A76 & 6x2.0 GHz Cortex-A55),Mali-G57 MC2,6.78,1080x2436,120,5000,45,8,8|256,108,32,0,1,0,1,About 180 EUR
infinix,119,13035,Infinix Note 40 5G,https://m.gsmarena.com/infinix_note_40_5g-13035.php,https://fdn2.gsmarena.com/vv/bigpic/infinix-note40-5g-.jpg,https://m.gsmarena.com/infinix-phones-119.php,2026-04-27T05:29:34.004237+00:00,2024,"Available. Released 2024, May 22","Android 14, XOS 14",Mediatek Dimensity 7020 (6 nm),Octa-core (2x2.2 GHz Cortex-A78 & 6x2.0 GHz Cortex-A55),IMG BXM-8-256,6.78,1080x2436,120,5000,33,8|12,8|12|256|512,108,32,1,1,0,1,About 220 EUR
infinix,119,12875,Infinix Note 40 Pro,https://m.gsmarena.com/infinix_note_40_pro-12875.php,https://fdn2.gsmarena.com/vv/bigpic/infinix-note-40-pro-5g-.jpg,https://m.gsmarena.com/infinix-phones-119.php,2026-04-27T05:29:34.004237+00:00,2024,"Available. Released 2024, March 19","Android 14, XOS 14",Mediatek Dimensity 7020 (6 nm),Octa-core (2x2.2 GHz Cortex-A78 & 6x2.0 GHz Cortex-A55),IMG BXM-8-256,6.78,1080x2436,120,5000,45,8,8|256,108,32,1,1,0,1,$ 62.77
infinix,119,12876,Infinix Note 40 Pro 4G,https://m.gsmarena.com/infinix_note_40_pro_4g-12876.php,https://fdn2.gsmarena.com/vv/bigpic/infinix-note-40-pro-4g-.jpg,https://m.gsmarena.com/infinix-phones-119.php,2026-04-27T05:29:34.004237+00:00,2024,"Available. Released 2024, March 19","Android 14, XOS 14",Mediatek Helio G99 Ultimate,Octa-core (2x2.2 GHz Cortex-A76 & 6x2.0 GHz Cortex-A55),Mali-G57 MC2,6.78,1080x2436,120,5000,70,8|12,8|12|256,108,32,0,1,0,1,About 240 EUR
infinix,119,12874,Infinix Note 40 Pro+,https://m.gsmarena.com/infinix_note_40_pro+-12874.php,https://fdn2.gsmarena.com/vv/bigpic/infinix-note-40-pro-plus-5g-.jpg,https://m.gsmarena.com/infinix-phones-119.php,2026-04-27T05:29:34.004237+00:00,2024,"Available. Released 2024, March 19","Android 14, up to 2 major Android upgrades, XOS 14",Mediatek Dimensity 7020 (6 nm),Octa-core (2x2.2 GHz Cortex-A78 & 6x2.0 GHz Cortex-A55),IMG BXM-8-256,6.78,1080x2436,120,4600,100,12,12|256|512,108,32,1,1,0,0,About 290 EUR
infinix,119,13460,Infinix Note 40S,https://m.gsmarena.com/infinix_note_40s-13460.php,https://fdn2.gsmarena.com/vv/bigpic/infinix-note40s-x6850b.jpg,https://m.gsmarena.com/infinix-phones-119.php,2026-04-27T05:29:34.004237+00:00,2024,"Available. Released 2024, October","Android 14, up to 2 major Android upgrades, XOS 14",Mediatek Helio G99 Ultimate,Octa-core (2x2.2 GHz Cortex-A76 & 6x2.0 GHz Cortex-A55),Mali-G57 MC2,6.78,1080x2436,120,5000,33,8,8|256,108,32,0,1,0,1,
infinix,119,13246,Infinix Note 40X 5G,https://m.gsmarena.com/infinix_note_40x_5g-13246.php,https://fdn2.gsmarena.com/vv/bigpic/infinix-note40x-5g.jpg,https://m.gsmarena.com/infinix-phones-119.php,2026-04-27T05:29:34.004237+00:00,2024,"Available. Released 2024, August 09","Android 14, XOS 14",Mediatek Dimensity 6300 (6 nm),Octa-core (2x2.4 GHz Cortex-A76 & 6x2.0 GHz Cortex-A55),Mali-G57 MC2,6.78,1080x2460,120,5000,18,8|12,8|12|256,108,8,1,1,0,1,About 150 EUR
infinix,119,13701,Infinix Note 50 Pro 4G,https://m.gsmarena.com/infinix_note_50_pro_4g-13701.php,https://fdn2.gsmarena.com/vv/bigpic/infinix-note50-pro.jpg,https://m.gsmarena.com/infinix-phones-119.php,2026-04-27T05:29:34.004237+00:00,2025,"Available. Released 2025, March","Android 15, up to 2 major Android upgrades, XOS 15",Mediatek Helio G100 Ultimate (6 nm),Octa-core (2x2.2 GHz Cortex-A76 & 6x2.0 GHz Cortex-A55),Mali-G57 MC2,6.78,1080x2436,144,5200,90,8|12,8|12|256,50,32,0,1,0,0,About 180 EUR
infinix,119,13746,Infinix Note 50 Pro+,https://m.gsmarena.com/infinix_note_50_pro+-13746.php,https://fdn2.gsmarena.com/vv/bigpic/infinix-note50-pro-plus-5g.jpg,https://m.gsmarena.com/infinix-phones-119.php,2026-04-27T05:29:34.004237+00:00,2025,"Available. Released 2025, April","Android 15, up to 2 major Android upgrades, XOS 15",Mediatek Dimensity 8350 Ultimate (4 nm),Octa-core (1x3.35 GHz Cortex-A715 & 3x3.20 GHz Cortex-A715 & 4x2.20 GHz Cortex-A510),Mali G615-MC6,6.78,1080x2436,144,5200,100,12,12|256,50,32,1,1,0,0,About 350 EUR
infinix,119,13747,Infinix Note 50x,https://m.gsmarena.com/infinix_note_50x-13747.php,https://fdn2.gsmarena.com/vv/bigpic/infinix-note-50x.jpg,https://m.gsmarena.com/infinix-phones-119.php,2026-04-27T05:29:34.004237+00:00,2025,"Available. Released 2025, April","Android 15, up to 2 major Android upgrades, XOS 15",Mediatek Dimensity 7300 Ultimate (4 nm),Octa-core (4x2.5 GHz Cortex-A78 & 4x2.0 GHz Cortex-A55),Mali-G615 MC2,6.67,720x1600,120,5500,45,6|8,6|8|128|256,50,8,1,0,0,1,About 130 EUR
infinix,119,14498,Infinix Note 60,https://m.gsmarena.com/infinix_note_60_5g-14498.php,https://fdn2.gsmarena.com/vv/bigpic/infinix-note60.jpg,https://m.gsmarena.com/infinix-phones-119.php,2026-04-27T05:29:34.004237+00:00,2026,"Available. Released 2026, March","Android 16, up to 3 major Android upgrades, XOS 16",Mediatek Dimensity 7400 Ultimate (4 nm),Octa-core (4x2.6 GHz Cortex-A78 & 4x2.0 GHz Cortex-A55),Mali-G615 MC2,6.78,1208x2644,144,6150,45,8,8|128|256,50,13,1,1,1,0,
infinix,119,14499,Infinix Note 60 Pro,https://m.gsmarena.com/infinix_note_60_pro_5g-14499.php,https://fdn2.gsmarena.com/vv/bigpic/infinix-note60-pro.jpg,https://m.gsmarena.com/infinix-phones-119.php,2026-04-27T05:29:34.004237+00:00,2026,"Available. Released 2026, March","Android 16, up to 3 major Android upgrades, XOS 16",Qualcomm SM7635-AC Snapdragon 7s Gen 4 (4 nm),Octa-core (1x2.7 GHz Cortex-A720 & 3x2.4 GHz Cortex-A720 & 4x1.8 GHz Cortex-A520),Adreno 810,6.78,1208x2644,144,6000,90,8|12,8|12|256,50,13,1,1,1,0,
infinix,119,14528,Infinix Note 60 Ultra,https://m.gsmarena.com/infinix_note_60_ultra_5g-14528.php,https://fdn2.gsmarena.com/vv/bigpic/infinix-note60-ultra.jpg,https://m.gsmarena.com/infinix-phones-119.php,2026-04-27T05:29:34.004237+00:00,2026,"Coming soon. Exp. release 2026, Q2","Android 16, up to 3 major Android upgrades, XOS 16",Mediatek Dimensity 8400 Ultimate (4 nm),Octa-core (1x3.25 GHz Cortex-A725 & 3x3.0 GHz Cortex-A725 & 4x2.1 GHz Cortex-A725),Mali-G720 MC7,6.78,1208x2644,144,7000,100,12,12|256|512,200,32,1,1,1,0,
infinix,119,14421,Infinix Note Edge,https://m.gsmarena.com/infinix_note_edge_5g-14421.php,https://fdn2.gsmarena.com/vv/bigpic/infinix-note-edge.jpg,https://m.gsmarena.com/infinix-phones-119.php,2026-04-27T05:29:34.004237+00:00,2026,"Available. Released 2026, January 31","Android 16, up to 3 major Android upgrades, XOS 16",Mediatek Dimensity 7100 (6 nm),Octa-core (4x2.4 GHz Cortex-A78 & 4x2.0 GHz Cortex-A55),Mali-G610 MC2,6.78,1208x2644,120,6500,45,8,8|128|256,50,13,1,1,0,0,About 170 EUR
infinix,119,13954,Infinix Smart 10 HD,https://m.gsmarena.com/infinix_smart_10_hd-13954.php,https://fdn2.gsmarena.com/vv/bigpic/infinix-smart10-hd.jpg,https://m.gsmarena.com/infinix-phones-119.php,2026-04-27T05:29:34.004237+00:00,2025,"Available. Released 2025, June 16",Android 14 (Go edition),(12 nm),Octa-core (2x1.6 GHz Cortex-A75 & 6x1.6 GHz Cortex-A55),Mali-G57 MC1,6.6,720x1612,90,5000,10,2,2|64,13,8,0,0,0,1,About 60 EUR
infinix,119,13953,Infinix Smart 10 Plus,https://m.gsmarena.com/infinix_smart_10_plus-13953.php,https://fdn2.gsmarena.com/vv/bigpic/infinix-smart-10-plus-.jpg,https://m.gsmarena.com/infinix-phones-119.php,2026-04-27T05:29:34.004237+00:00,2025,"Available. Released 2025, June 16","Android 15, XOS 15.1",Unisoc T7250 (12 nm),Octa-core (2x1.8 GHz Cortex-A75 & 6x1.6 GHz Cortex-A55),Mali-G57 MP1,6.67,720x1600,120,6000,18,4|8,4|8|128,8,8,0,1,0,1,About 70 EUR
infinix,119,14502,Infinix Smart 20,https://m.gsmarena.com/infinix_smart_20-14502.php,https://fdn2.gsmarena.com/vv/bigpic/infinix-smart20.jpg,https://m.gsmarena.com/infinix-phones-119.php,2026-04-27T05:29:34.004237+00:00,2026,"Available. Released 2026, March","Android 16, XOS 16",Mediatek Helio G81 Ultimate (12 nm),Octa-core (2x2.0 GHz Cortex-A75 & 6x1.7 GHz Cortex-A55),Mali-G52 MC2,6.78,720x1576,120,5200,15,4,4|64|128,8,8,0,1,0,1,
infinix,119,12792,Infinix Smart 8 (India),https://m.gsmarena.com/infinix_smart_8_(india)-12792.php,https://fdn2.gsmarena.com/vv/bigpic/infinix-smart-8-india.jpg,https://m.gsmarena.com/infinix-phones-119.php,2026-04-27T05:29:34.004237+00:00,2024,"Available. Released 2024, January 17","Android 13 (Go edition), XOS 13",Mediatek Helio G36 (12 nm),Octa-core (4x2.2 GHz Cortex-A53 & 4x1.6 GHz Cortex-A53),PowerVR GE8320,6.6,720x1612,90,5000,10,4,4|64,50,8,0,0,0,1,About 80 EUR
infinix,119,12736,Infinix Smart 8 HD,https://m.gsmarena.com/infinix_smart_8_hd-12736.php,https://fdn2.gsmarena.com/vv/bigpic/infinix-smart-8-hd.jpg,https://m.gsmarena.com/infinix-phones-119.php,2026-04-27T05:29:34.004237+00:00,2023,"Available. Released 2023, December 13","Android 13, XOS 13",Unisoc T606 (12 nm),Octa-core (2x1.6 GHz Cortex-A75 & 6x1.6 GHz Cortex-A55),Mali-G57 MP1,6.6,720x1612,90,5000,10,3|4,3|4|64,13,8,0,0,0,1,About 70 EUR
infinix,119,12817,Infinix Smart 8 Plus,https://m.gsmarena.com/infinix_smart_8_plus-12817.php,https://fdn2.gsmarena.com/vv/bigpic/infinix-smart-8-plus.jpg,https://m.gsmarena.com/infinix-phones-119.php,2026-04-27T05:29:34.004237+00:00,2024,"Available. Released 2024, February","Android 13 (Go edition), XOS 13",Mediatek Helio G36 (12 nm),Octa-core (4x2.2 GHz Cortex-A53 & 4x1.6 GHz Cortex-A53),PowerVR GE8320,6.6,720x1612,90,6000,18,4,4|64|128,50,8,0,0,0,1,About 100 EUR
infinix,119,12812,Infinix Smart 8 Pro,https://m.gsmarena.com/infinix_smart_8_pro-12812.php,https://fdn2.gsmarena.com/vv/bigpic/infinix-smart-8-pro.jpg,https://m.gsmarena.com/infinix-phones-119.php,2026-04-27T05:29:34.004237+00:00,2024,"Available. Released 2024, February","Android 13 (Go edition), XOS 13",Mediatek Helio G36 (12 nm),Octa-core (4x2.2 GHz Cortex-A53 & 4x1.6 GHz Cortex-A53),PowerVR GE8320,6.6,720x1612,90,5000,10,4|8,4|8|64|128|256,50,8,0,0,0,1,About 100 EUR
infinix,119,13374,Infinix Smart 9,https://m.gsmarena.com/infinix_smart_9-13374.php,https://fdn2.gsmarena.com/vv/bigpic/infinix-smart9.jpg,https://m.gsmarena.com/infinix-phones-119.php,2026-04-27T05:29:34.004237+00:00,2024,"Available. Released 2024, October","Android 14 (Go edition), XOS 14",Mediatek Helio G81,Octa-core (2x2.0 GHz Cortex-A75 & 6x1.7 GHz Cortex-A55),Mali-G52 MC2,6.7,720x1600,120,5000,10,3|4|6,3|4|6|64|128,13,8,0,0,0,1,About 70 EUR
infinix,119,13590,Infinix Smart 9 HD,https://m.gsmarena.com/infinix_smart_9_hd-13590.php,https://fdn2.gsmarena.com/vv/bigpic/infinix-smart-9-hd.jpg,https://m.gsmarena.com/infinix-phones-119.php,2026-04-27T05:29:34.004237+00:00,2024,"Available. Released 2024, December","Android 14 (Go edition), XOS 14",Mediatek Helio,Octa-core 8x2.2 GHz Cortex-A53,Mali-G57 MC1,6.7,720x1600,90,5000,10,3|4,3|4|64,13,8,0,0,0,1,
infinix,119,13263,Infinix Xpad,https://m.gsmarena.com/infinix_xpad-13263.php,https://fdn2.gsmarena.com/vv/bigpic/ulefone-xpad.jpg,https://m.gsmarena.com/infinix-phones-119.php,2026-04-27T05:29:34.004237+00:00,2024,"Available. Released 2024, August 18","Android 14, XOS 14",Mediatek Helio G99 (6 nm),Octa-core (2x2.2 GHz Cortex-A76 & 6x2.0 GHz Cortex-A55),Mali-G57 MC2,11,1200x1920,90,7000,18,4|8,4|8|128|256,8,8,0,0,0,1,About 140 EUR
infinix,119,13922,Infinix Xpad 20,https://m.gsmarena.com/infinix_xpad_20-13922.php,https://fdn2.gsmarena.com/vv/bigpic/infinix-xpad20.jpg,https://m.gsmarena.com/infinix-phones-119.php,2026-04-27T05:29:34.004237+00:00,2025,"Available. Released 2025, June",Android 15,Mediatek Helio G88 (12 nm),Octa-core (2x2.0 GHz Cortex-A75 & 6x1.8 GHz Cortex-A55),Mali-G52 MC2,11,1200x1920,90,7000,10,4|6|8,4|6|8|128|256,8,5,0,0,0,1,
infinix,119,13890,Infinix Xpad GT,https://m.gsmarena.com/infinix_xpad_gt-13890.php,https://fdn2.gsmarena.com/vv/bigpic/infinix-xpad-gt.jpg,https://m.gsmarena.com/infinix-phones-119.php,2026-04-27T05:29:34.004237+00:00,2025,"Available. Released 2025, June 04",Android 14,Qualcomm SM8350 Snapdragon 888 5G (5 nm),Octa-core (1x2.84 GHz Cortex-X1 & 3x2.42 GHz Cortex-A78 & 4x1.80 GHz Cortex-A55),Adreno 660,13,2880x1840,144,10000,33,8,8|256,13,9,0,0,0,0,About 350 EUR
infinix,119,13276,Infinix Zero 40 4G,https://m.gsmarena.com/infinix_zero_40_4g-13276.php,https://fdn2.gsmarena.com/vv/bigpic/infinix-zero-40-4g-.jpg,https://m.gsmarena.com/infinix-phones-119.php,2026-04-27T05:29:34.004237+00:00,2024,"Available. Released 2024, September 08","Android 14, up to 2 major Android upgrades, XOS 14.5",Mediatek Helio G100 (6 nm),Octa-core (2x2.2 GHz Cortex-A76 & 6x2.0 GHz Cortex-A55),Mali-G57 MC2,6.78,1080x2436,120,5000,45,8,8|256|512,108,50,0,1,0,0,About 250 EUR
infinix,119,13347,Infinix Zero Flip,https://m.gsmarena.com/infinix_zero_flip-13347.php,https://fdn2.gsmarena.com/vv/bigpic/infinix-zero-flip-.jpg,https://m.gsmarena.com/infinix-phones-119.php,2026-04-27T05:29:34.004237+00:00,2024,"Available. Released 2024, October","Android 14, up to 2 major Android upgrades, XOS 14.5",Mediatek Dimensity 8020 (6 nm),Octa-core (4x2.6 GHz Cortex-A78 & 4x2.0 GHz Cortex-A55),Mali-G77 MC9,6.9,1080x2640,120,4720,70,8,8|256|512,50,50,1,1,0,0,About 580 EUR
infinix,119,13705,Note 50 4G,https://m.gsmarena.com/infinix_note_50_4g-13705.php,https://fdn2.gsmarena.com/vv/bigpic/infinix-note50.jpg,https://m.gsmarena.com/infinix-phones-119.php,2026-04-27T05:29:34.004237+00:00,,,,,,,,,,,,,,,,0,0,0,0,
infinix,119,13793,Note 50s,https://m.gsmarena.com/infinix_note_50s_5g-13793.php,https://fdn2.gsmarena.com/vv/bigpic/infinix-note-50s.jpg,https://m.gsmarena.com/infinix-phones-119.php,2026-04-27T05:29:34.004237+00:00,,,,,,,,,,,,,,,,0,0,0,0,
infinix,119,13933,Smart 10,https://m.gsmarena.com/infinix_smart_10-13933.php,https://fdn2.gsmarena.com/vv/bigpic/infinix-smart-10.jpg,https://m.gsmarena.com/infinix-phones-119.php,2026-04-27T05:29:34.004237+00:00,,,,,,,,,,,,,,,,0,0,0,0,
infinix,119,14116,Xpad 20 Pro,https://m.gsmarena.com/infinix_xpad_20_pro-14116.php,https://fdn2.gsmarena.com/vv/bigpic/infinix-xpad-20-pro.jpg,https://m.gsmarena.com/infinix-phones-119.php,2026-04-27T05:29:34.004237+00:00,,,,,,,,,,,,,,,,0,0,0,0,
infinix,119,13290,Zero 40,https://m.gsmarena.com/infinix_zero_40-13290.php,https://fdn2.gsmarena.com/vv/bigpic/infinix-zero40-5g-.jpg,https://m.gsmarena.com/infinix-phones-119.php,2026-04-27T05:29:34.004237+00:00,,,,,,,,,,,,,,,,0,0,0,0,
motorola,4,13907,Motorola Edge (2025),https://m.gsmarena.com/motorola_edge_(2025)-13907.php,https://fdn2.gsmarena.com/vv/bigpic/motorola-edge-2025.jpg,https://m.gsmarena.com/motorola-phones-4.php,2026-04-27T05:29:34.004237+00:00,2025,"Available. Released 2025, June 06",Android 15,Mediatek Dimensity 7400 Ultra (4 nm),Octa-core (4x2.6 GHz Cortex-A78 & 4x2.0 GHz Cortex-A55),Mali-G615 MC2,6.7,1220x2712,120,5200,68,8,8|256,50,50,1,1,1,0,$ 273.41
motorola,4,13779,Motorola Edge 60,https://m.gsmarena.com/motorola_edge_60-13779.php,https://fdn2.gsmarena.com/vv/bigpic/motorola-edge-60.jpg,https://m.gsmarena.com/motorola-phones-4.php,2026-04-27T05:29:34.004237+00:00,2025,"Available. Released 2025, April 25","Android 15, up to 3 major Android upgrades",Mediatek Dimensity 7300 (4 nm) - Global | Mediatek Dimensity 7400 (4 nm) - India,Octa-core (4x2.5 GHz Cortex-A78 & 4x2.0 GHz Cortex-A55) - Global | Octa-core (4x2.6 GHz Cortex-A78 & 4x2.0 GHz Cortex-A55) - India,Mali-G615 MC2,6.67,1220x2712,120,5200,68,8|12,8|12|256|512,50,50,1,1,1,1,"$ 345.00 / € 319.00 / £ 379.99 / ₹ 26,190"
motorola,4,13752,Motorola Edge 60 Fusion,https://m.gsmarena.com/motorola_edge_60_fusion-13752.php,https://fdn2.gsmarena.com/vv/bigpic/motorola-edge-60-fusion.jpg,https://m.gsmarena.com/motorola-phones-4.php,2026-04-27T05:29:34.004237+00:00,2025,"Available. Released 2025, April 09","Android 15, up to 3 major Android upgrades","Mediatek Dimensity 7300 (4 nm) - Global | Mediatek Dimensity 7400 (4 nm) - India, Indonesia","Octa-core (4x2.5 GHz Cortex-A78 & 4x2.0 GHz Cortex-A55) - Global | Octa-core (4x2.6 GHz Cortex-A78 & 4x2.0 GHz Cortex-A55) - India, Indonesia",Mali-G615 MC2,6.67,1220x2712,120,5200,68,8|12,8|12|128|256|512,50,32,1,1,1,1,"$ 297.72 / € 222.00 / £ 274.24 / ₹ 20,900"
motorola,4,14124,Motorola Edge 60 Neo,https://m.gsmarena.com/motorola_edge_60_neo_5g-14124.php,https://fdn2.gsmarena.com/vv/bigpic/motorola-edge-60-neo.jpg,https://m.gsmarena.com/motorola-phones-4.php,2026-04-27T05:29:34.004237+00:00,2025,"Available. Released 2025, October 17","Android 15, up to 5 major Android upgrades",Mediatek Dimensity 7400 (4 nm),Octa-core (4x2.6 GHz Cortex-A78 & 4x2.0 GHz Cortex-A55),Mali-G615 MC2,6.36,1200x2670,120,5200,68,8|12,8|12|128|256|512,50,32,1,1,1,0,€ 321.00
motorola,4,13815,Motorola Edge 60 Pro,https://m.gsmarena.com/motorola_edge_60_pro-13815.php,https://fdn2.gsmarena.com/vv/bigpic/motorola-edge-60-pro.jpg,https://m.gsmarena.com/motorola-phones-4.php,2026-04-27T05:29:34.004237+00:00,2025,"Available. Released 2025, April 30","Android 15, up to 3 major Android upgrades",Mediatek Dimensity 8350 Extreme (4 nm),Octa-core (1x3.35 GHz Cortex-A715 & 3x3.20 GHz Cortex-A715 & 4x2.20 GHz Cortex-A510),Mali G615-MC6,6.7,1220x2712,120,6000,90,8|12|16,8|12|16|256|512,50,50,1,1,1,0,"$ 417.72 / € 387.98 / £ 426.00 / ₹ 28,906"
motorola,4,13785,Motorola Edge 60 Stylus,https://m.gsmarena.com/motorola_edge_60_stylus_5g-13785.php,https://fdn2.gsmarena.com/vv/bigpic/motorola-moto-g-stylus-5g-2025.jpg,https://m.gsmarena.com/motorola-phones-4.php,2026-04-27T05:29:34.004237+00:00,2025,"Available. Released 2025, April 15","Android 15, up to 2 major Android upgrades",Qualcomm SM7435-AB Snapdragon 7s Gen 2 (4 nm),Octa-core (4x2.40 GHz Cortex-A78 & 4x1.8 GHz Cortex-A55),Adreno 710,6.7,1220x2712,120,5000,68,8,8|256,50,32,1,1,1,1,"₹ 19,990"
motorola,4,13856,Motorola Edge 60s,https://m.gsmarena.com/motorola_edge_60s_5g-13856.php,https://fdn2.gsmarena.com/vv/bigpic/motorola-edge-60-fusion.jpg,https://m.gsmarena.com/motorola-phones-4.php,2026-04-27T05:29:34.004237+00:00,2025,"Available. Released 2025, May",Android 15,Mediatek Dimensity 7400 (4 nm),Octa-core (4x2.6 GHz Cortex-A78 & 4x2.0 GHz Cortex-A55),Mali-G615 MC2,6.67,1220x2712,120,5500,68,12,12|256|512,50,32,1,1,0,1,
motorola,4,14216,Motorola Edge 70,https://m.gsmarena.com/motorola_edge_70_5g-14216.php,https://fdn2.gsmarena.com/vv/bigpic/motorola-edge-70-5g.jpg,https://m.gsmarena.com/motorola-phones-4.php,2026-04-27T05:29:34.004237+00:00,2025,"Available. Released 2025, October 29","Android 16, up to 3 or 4 major Android upgrades (market/region dependent)",Qualcomm SM7750-AB Snapdragon 7 Gen 4 (4 nm),Octa-core (1x2.8 GHz Cortex-720 & 4x2.4 GHz Cortex-720 & 3x1.8 GHz Cortex-520),Adreno 722,6.7,1220x2712,120,4800,68,8|12,8|12|256|512,50,50,1,1,1,0,"$ 619.99 / € 437.00 / £ 423.09 / ₹ 29,435"
motorola,4,14432,Motorola Edge 70 Fusion,https://m.gsmarena.com/motorola_edge_70_fusion_5g-14432.php,https://fdn2.gsmarena.com/vv/bigpic/motorola-edge-70-fusion.jpg,https://m.gsmarena.com/motorola-phones-4.php,2026-04-27T05:29:34.004237+00:00,2026,"Available. Released 2026, March 02","Android 16, up to 3 major Android upgrades",Qualcomm SM7635 Snapdragon 7s Gen 3 (4 nm) - International | Qualcomm SM7635-AC Snapdragon 7s Gen 4 (4 nm) - India,Octa-core (1x2.5 GHz Cortex-A720 & 3x2.4 GHz Cortex-A720 & 4x1.8 GHz Cortex-A520) - International | Octa-core (1x2.7 GHz Cortex-A720 & 3x2.4 GHz Cortex-A720 & 4x1.8 GHz Cortex-A520) - India,Adreno 810,6.78,1272x2772,144,5200,68,8|12,8|12|128|256,50,32,1,1,1,0,"$ 499.99 / € 419.00 / £ 459.95 / ₹ 26,380"
motorola,4,14540,Motorola Edge 70 Fusion+,https://m.gsmarena.com/motorola_edge_70_fusion+_5g-14540.php,https://fdn2.gsmarena.com/vv/bigpic/motorola-edge-70-fusion-plus.jpg,https://m.gsmarena.com/motorola-phones-4.php,2026-04-27T05:29:34.004237+00:00,2026,"Available. Released 2026, March",Android 16,Qualcomm SM7635-AC Snapdragon 7s Gen 4 (4 nm),Octa-core (1x2.7 GHz Cortex-A720 & 3x2.4 GHz Cortex-A720 & 4x1.8 GHz Cortex-A520),Adreno 810,6.8,1272x2772,144,5200,68,12,12|256|512,50,50,1,1,1,0,About 480 EUR
motorola,4,14620,Motorola Edge 70 Pro,https://m.gsmarena.com/motorola_edge_70_pro_5g-14620.php,https://fdn2.gsmarena.com/vv/bigpic/motorola-edge-70-pro-.jpg,https://m.gsmarena.com/motorola-phones-4.php,2026-04-27T05:29:34.004237+00:00,2026,"Coming soon. Exp. release 2026, April 29","Android 16, up to 3 major Android upgrades",Mediatek Dimensity 8500 Extreme (4 nm),Octa-core (1x3.4 GHz Cortex-A725 & 3x3.2 GHz Cortex-A725 & 4x2.2 GHz Cortex-A725),Mali-G720 MC8,6.8,1272x2772,144,6500,90,8|12,8|12|256,50,50,1,1,1,0,About 350 EUR
motorola,4,13989,Motorola G96,https://m.gsmarena.com/motorola_g96_5g-13989.php,https://fdn2.gsmarena.com/vv/bigpic/motorola-g96.jpg,https://m.gsmarena.com/motorola-phones-4.php,2026-04-27T05:29:34.004237+00:00,2025,"Available. Released 2025, July 16","Android 15, up to 1 major Android upgrade",Qualcomm SM7435-AB Snapdragon 7s Gen 2 (4 nm),Octa-core (4x2.40 GHz Cortex-A78 & 4x1.95 GHz Cortex-A55),Adreno 710,6.67,1080x2400,144,5500,30,8,8|128|256,50,32,1,0,0,0,"₹ 17,879"
motorola,4,13574,Motorola Moto E15,https://m.gsmarena.com/motorola_moto_e15-13574.php,https://fdn2.gsmarena.com/vv/bigpic/mototola-moto-e15.jpg,https://m.gsmarena.com/motorola-phones-4.php,2026-04-27T05:29:34.004237+00:00,2024,"Available. Released 2025, January 22",Android 14 (Go edition),Mediatek Helio G81 Extreme (12 nm),Octa-core (2x2.0 GHz Cortex-A75 & 6x1.7 GHz Cortex-A55),Mali-G52 MC2,6.67,720x1604,90,5200,18,2,2|64,32,8,0,0,0,1,About 80 EUR
motorola,4,13624,Motorola Moto G (2025),https://m.gsmarena.com/motorola_moto_g_(2025)-13624.php,https://fdn2.gsmarena.com/vv/bigpic/motorola-moto-g-2025.jpg,https://m.gsmarena.com/motorola-phones-4.php,2026-04-27T05:29:34.004237+00:00,2025,"Available. Released 2025, January 30","Android 15, up to 2 major Android upgrades",Mediatek Dimensity 6300 (6 nm),Octa-core (2x2.4 GHz Cortex-A76 & 6x2.0 GHz Cortex-A55),Mali-G57 MC2,6.7,720x1604,120,5000,30,4,4|64|128,50,16,1,1,1,1,$ 59.88
motorola,4,14138,Motorola Moto G (2026),https://m.gsmarena.com/motorola_moto_g_5g_(2026)-14138.php,https://fdn2.gsmarena.com/vv/bigpic/motorola-moto-g-2026.jpg,https://m.gsmarena.com/motorola-phones-4.php,2026-04-27T05:29:34.004237+00:00,2025,"Available. Released 2025, December 11",Android 16,Mediatek Dimensity 6300 (6 nm),Octa-core (2x2.4 GHz Cortex-A76 & 6x2.0 GHz Cortex-A55),Mali-G57 MC2,6.7,720x1604,120,5200,30,4,4|128,50,32,1,1,1,1,$ 79.99
motorola,4,14139,Motorola Moto G Play (2026),https://m.gsmarena.com/motorola_moto_g_play_5g_(2026)-14139.php,https://fdn2.gsmarena.com/vv/bigpic/motorola-moto-g-play-2026.jpg,https://m.gsmarena.com/motorola-phones-4.php,2026-04-27T05:29:34.004237+00:00,2025,"Available. Released 2025, November 13",Android 16,Mediatek Dimensity 6300 (6 nm),Octa-core (2x2.4 GHz Cortex-A76 & 6x2.0 GHz Cortex-A55),Mali-G57 MC2,6.7,720x1604,120,5200,18,4,4|64,32,8,1,1,1,1,$ 185.71
motorola,4,13623,Motorola Moto G Power (2025),https://m.gsmarena.com/motorola_moto_g_power_(2025)-13623.php,https://fdn2.gsmarena.com/vv/bigpic/motorola-moto-g-power-2025.jpg,https://m.gsmarena.com/motorola-phones-4.php,2026-04-27T05:29:34.004237+00:00,2025,"Available. Released 2025, February 06","Android 15, up to 2 major Android upgrades",Mediatek Dimensity 6300 (6 nm),Octa-core (2x2.4 GHz Cortex-A76 & 6x2.0 GHz Cortex-A55),Mali-G57 MC2,6.8,1080x2388,120,5000,30,8,8|128,50,16,1,1,1,1,$ 119.99
motorola,4,14359,Motorola Moto G Power (2026),https://m.gsmarena.com/motorola_moto_g_power_5g_(2026)-14359.php,https://fdn2.gsmarena.com/vv/bigpic/motorola-moto-g-power-2026.jpg,https://m.gsmarena.com/motorola-phones-4.php,2026-04-27T05:29:34.004237+00:00,2025,"Available. Released 2026, January 08",Android 16,Mediatek Dimensity 6300 (6 nm),Octa-core (2x2.4 GHz Cortex-A76 & 6x2.0 GHz Cortex-A55),Mali-G57 MC2,6.8,1080x2388,120,5200,30,8,8|128,50,32,1,1,1,1,$ 299.00
motorola,4,14581,Motorola Moto G Stylus (2026),https://m.gsmarena.com/motorola_moto_g_stylus_(2026)-14581.php,https://fdn2.gsmarena.com/vv/bigpic/motorola-moto-g-stylus-5g-2026-2.jpg,https://m.gsmarena.com/motorola-phones-4.php,2026-04-27T05:29:34.004237+00:00,2026,"Available. Released 2026, April 16","Android 16, up to 2 major Android upgrades",Qualcomm SM6475-AB Snapdragon 6 Gen 3 (4 nm),Octa-core (4x2.4 GHz Cortex-A78 & 4x1.8 GHz Cortex-A55),Adreno 710,6.7,1220x2712,120,5200,68,8,8|128|256,50,32,1,1,1,1,About 500 EUR
motorola,4,13784,Motorola Moto G Stylus 5G (2025),https://m.gsmarena.com/motorola_moto_g_stylus_5g_(2025)-13784.php,https://fdn2.gsmarena.com/vv/bigpic/motorola-moto-g-stylus-5g-2025.jpg,https://m.gsmarena.com/motorola-phones-4.php,2026-04-27T05:29:34.004237+00:00,2025,"Available. Released 2025, April 17","Android 15, up to 2 major Android upgrades",Qualcomm SM6475-AB Snapdragon 6 Gen 3 (4 nm),Octa-core (4x2.4 GHz Cortex-A78 & 4x1.8 GHz Cortex-A55),Adreno 710,6.7,1220x2712,120,5000,68,8,8|128|256,50,32,1,1,1,1,$ 168.16
motorola,4,13573,Motorola Moto G05,https://m.gsmarena.com/motorola_moto_g05-13573.php,https://fdn2.gsmarena.com/vv/bigpic/mototola-moto-g05.jpg,https://m.gsmarena.com/motorola-phones-4.php,2026-04-27T05:29:34.004237+00:00,2024,"Available. Released 2025, January 13",Android 15,Mediatek Helio G81 Extreme (12 nm),Octa-core (2x2.0 GHz Cortex-A75 & 6x1.7 GHz Cortex-A55),Mali-G52 MC2,6.67,720x1604,90,5200,18,4|8,4|8|64|128|256,50,8,0,1,0,1,$ 106.00 / € 104.94
motorola,4,14115,Motorola Moto G06,https://m.gsmarena.com/motorola_moto_g06-14115.php,https://fdn2.gsmarena.com/vv/bigpic/motorola-moto-g06.jpg,https://m.gsmarena.com/motorola-phones-4.php,2026-04-27T05:29:34.004237+00:00,2025,"Available. Released 2025, September 23",Android 15,Mediatek Helio G81 Ultra (12 nm),Octa-core (2x2.0 GHz Cortex-A75 & 6x1.7 GHz Cortex-A55),Mali-G52 MC2,6.88,720x1640,120,5200,10,4|8,4|8|64|128|256,50,8,0,1,0,1,$ 114.99 / £ 156.99
motorola,4,14125,Motorola Moto G06 Power,https://m.gsmarena.com/motorola_moto_g06_power-14125.php,https://fdn2.gsmarena.com/vv/bigpic/motorola-moto-g06-power.jpg,https://m.gsmarena.com/motorola-phones-4.php,2026-04-27T05:29:34.004237+00:00,2025,"Available. Released 2025, October 09",Android 15,Mediatek Helio G81 Ultra (12 nm),Octa-core (2x2.0 GHz Cortex-A75 & 6x1.7 GHz Cortex-A55),Mali-G52 MC2,6.88,720x1640,120,7000,18,4|8,4|8|64|128|256,50,8,0,1,0,1,€ 117.45 / £ 295.00
motorola,4,14228,Motorola Moto G100,https://m.gsmarena.com/motorola_moto_g100_5g_(china)-14228.php,https://fdn2.gsmarena.com/vv/bigpic/motorola-moto-g100-cn.jpg,https://m.gsmarena.com/motorola-phones-4.php,2026-04-27T05:29:34.004237+00:00,2025,"Available. Released 2025, October 20",Android 15,Qualcomm SM7435-AB Snapdragon 7s Gen 2 (4 nm),Octa-core (4x2.40 GHz Cortex-A78 & 4x1.95 GHz Cortex-A55),Adreno 710,6.72,1080x2400,120,7000,30,8|12,8|12|256|512,50,32,1,1,0,0,About 170 EUR
motorola,4,14293,Motorola Moto G100S,https://m.gsmarena.com/motorola_moto_g100s_5g_(china)-14293.php,https://fdn2.gsmarena.com/vv/bigpic/motorola-moto-g100s.jpg,https://m.gsmarena.com/motorola-phones-4.php,2026-04-27T05:29:34.004237+00:00,2025,"Available. Released 2025, November 03",Android 15,Qualcomm SM6435-AA Snapdragon 6s Gen 4 (4 nm),Octa-core (4x2.4 GHz Cortex-A78 & 4x1.8 GHz Cortex-A55),Adreno,6.72,1080x2400,120,7000,30,8,8|128|256,50,8,1,1,0,0,About 120 EUR
motorola,4,13507,Motorola Moto G15,https://m.gsmarena.com/motorola_moto_g15-13507.php,https://fdn2.gsmarena.com/vv/bigpic/mototola-moto-g15.jpg,https://m.gsmarena.com/motorola-phones-4.php,2026-04-27T05:29:34.004237+00:00,2024,"Available. Released 2025, February 12",Android 15,Mediatek Helio G81 Extreme (12 nm),Octa-core (2x2.0 GHz Cortex-A75 & 6x1.7 GHz Cortex-A55),Mali-G52 MC2,6.72,1080x2400,,5200,18,4|6|8,4|6|8|128|256|512,50,8,0,1,0,1,$ 109.50 / € 108.44 / £ 99.99
motorola,4,13572,Motorola Moto G15 Power,https://m.gsmarena.com/motorola_moto_g15_power-13572.php,https://fdn2.gsmarena.com/vv/bigpic/mototola-g15-r.jpg,https://m.gsmarena.com/motorola-phones-4.php,2026-04-27T05:29:34.004237+00:00,2024,"Available. Released 2025, February 12",Android 15,Mediatek Helio G81 Extreme (12 nm),Octa-core (2x2.0 GHz Cortex-A75 & 6x1.7 GHz Cortex-A55),Mali-G52 MC2,6.72,1080x2400,,6000,30,8,8|256|512,50,8,0,1,0,1,$ 169.50 / £ 149.00
motorola,4,14455,Motorola Moto G17,https://m.gsmarena.com/motorola_moto_g17-14455.php,https://fdn2.gsmarena.com/vv/bigpic/motorola-moto-g17.jpg,https://m.gsmarena.com/motorola-phones-4.php,2026-04-27T05:29:34.004237+00:00,2026,"Available. Released 2026, January 29",Android 15,Mediatek Helio G81 Extreme (12 nm),Octa-core (2x2.0 GHz Cortex-A75 & 6x1.7 GHz Cortex-A55),Mali-G52 MC2,6.72,1080x2400,,5200,18,4|8,4|8|128|256,50,32,0,1,0,1,€ 185.10 / £ 149.99
motorola,4,14452,Motorola Moto G17 Power,https://m.gsmarena.com/motorola_moto_g17_power-14452.php,https://fdn2.gsmarena.com/vv/bigpic/motorola-moto-g17-power.jpg,https://m.gsmarena.com/motorola-phones-4.php,2026-04-27T05:29:34.004237+00:00,2026,"Available. Released 2026, January 29",Android 15,Mediatek Helio G81 Extreme (12 nm),Octa-core (2x2.0 GHz Cortex-A75 & 6x1.7 GHz Cortex-A55),Mali-G52 MC2,6.72,1080x2400,,6000,30,8,8|256|512,50,32,0,1,0,1,About 190 EUR
motorola,4,13841,Motorola Moto G56,https://m.gsmarena.com/motorola_moto_g56_5g-13841.php,https://fdn2.gsmarena.com/vv/bigpic/motorola-moto-g56.jpg,https://m.gsmarena.com/motorola-phones-4.php,2026-04-27T05:29:34.004237+00:00,2025,"Available. Released 2025, May 29",Android 15,Mediatek Dimensity 7060 (6 nm),Octa-core (2x2.6 GHz Cortex-A78 & 6x2.0 GHz Cortex-A55),IMG BXM-8-256,6.72,1080x2400,120,5200,30,4|8|12,4|8|12|128|256|512,50,32,1,1,1,1,$ 172.50 / € 167.99 / £ 240.00
motorola,4,14284,Motorola Moto G57,https://m.gsmarena.com/motorola_moto_g57_5g-14284.php,https://fdn2.gsmarena.com/vv/bigpic/motorola-moto-g57.jpg,https://m.gsmarena.com/motorola-phones-4.php,2026-04-27T05:29:34.004237+00:00,2025,"Available. Released 2025, December",Android 16,Qualcomm SM6435-AA Snapdragon 6s Gen 4 (4 nm),Octa-core (4x2.4 GHz Cortex-A78 & 4x1.8 GHz Cortex-A55),Adreno,6.72,1080x2400,120,5200,,8,8|128|256,50,8,1,1,0,0,About 200 EUR
motorola,4,14282,Motorola Moto G57 Power,https://m.gsmarena.com/motorola_moto_g57_power_5g-14282.php,https://fdn2.gsmarena.com/vv/bigpic/motorola-moto-g57-power-.jpg,https://m.gsmarena.com/motorola-phones-4.php,2026-04-27T05:29:34.004237+00:00,2025,"Available. Released 2025, December 03","Android 16, planned upgrade to Android 17",Qualcomm SM6435-AA Snapdragon 6s Gen 4 (4 nm),Octa-core (4x2.4 GHz Cortex-A78 & 4x1.8 GHz Cortex-A55),Adreno,6.72,1080x2400,120,7000,30,8|12,8|12|128|256,50,8,1,1,1,0,"₹ 15,999"
motorola,4,14434,Motorola Moto G67,https://m.gsmarena.com/motorola_moto_g67_5g-14434.php,https://fdn2.gsmarena.com/vv/bigpic/motorola-moto-g67.jpg,https://m.gsmarena.com/motorola-phones-4.php,2026-04-27T05:29:34.004237+00:00,2026,"Available. Released 2026, January 29",Android 16,Mediatek Dimensity 6300 (6 nm),Octa-core (2x2.4 GHz Cortex-A76 & 6x2.0 GHz Cortex-A55),Mali-G57 MC2,6.78,1272x2772,120,5200,30,4|8,4|8|128|256,50,32,1,1,1,1,€ 199.00
motorola,4,14266,Motorola Moto G67 Power,https://m.gsmarena.com/motorola_moto_g67_power_5g-14266.php,https://fdn2.gsmarena.com/vv/bigpic/motorola-moto-g100-cn.jpg,https://m.gsmarena.com/motorola-phones-4.php,2026-04-27T05:29:34.004237+00:00,2025,"Available. Released 2025, November 12","Android 15, planned upgrade to Android 16",Qualcomm SM7435-AB Snapdragon 7s Gen 2 (4 nm),Octa-core (4x2.40 GHz Cortex-A78 & 4x1.95 GHz Cortex-A55),Adreno 710,6.7,1080x2400,120,7000,30,8,8|128|256,50,32,1,1,0,0,"₹ 16,730"
motorola,4,14433,Motorola Moto G77,https://m.gsmarena.com/motorola_moto_g77_5g-14433.php,https://fdn2.gsmarena.com/vv/bigpic/motorola-moto-g77.jpg,https://m.gsmarena.com/motorola-phones-4.php,2026-04-27T05:29:34.004237+00:00,2026,"Available. Released 2026, January 29",Android 16,Mediatek Dimensity 6400 (6 nm),Octa-core (2x2.5 GHz Cortex-A76 & 6x2.0 GHz Cortex-A55),Mali-G57 MC2,6.78,1272x2772,120,5200,30,8,8|128|256,108,32,1,1,1,1,€ 259.00 / £ 411.99
motorola,4,13917,Motorola Moto G86,https://m.gsmarena.com/motorola_moto_g86_5g-13917.php,https://fdn2.gsmarena.com/vv/bigpic/motorola-moto-g86.jpg,https://m.gsmarena.com/motorola-phones-4.php,2026-04-27T05:29:34.004237+00:00,2025,"Available. Released 2025, July 07","Android 15, upgradable to Android 16",Mediatek Dimensity 7300 (4 nm),Octa-core (4x2.5 GHz Cortex-A78 & 4x2.0 GHz Cortex-A55),Mali-G615 MC2,6.67,1220x2712,120,5200,30,8|12,8|12|256|512,50,32,1,1,1,1,$ 229.99 / € 198.95 / £ 159.99
motorola,4,13918,Motorola Moto G86 Power,https://m.gsmarena.com/motorola_moto_g86_power_5g-13918.php,https://fdn2.gsmarena.com/vv/bigpic/motorola-moto-g86-power.jpg,https://m.gsmarena.com/motorola-phones-4.php,2026-04-27T05:29:34.004237+00:00,2025,"Available. Released 2025, July 30","Android 15, up to 2 major Android upgrades",Mediatek Dimensity 7300 (4 nm) - Global | Mediatek Dimensity 7400 (4 nm) - India,Octa-core (4x2.5 GHz Cortex-A78 & 4x2.0 GHz Cortex-A55) - Global | Octa-core (4x2.6 GHz Cortex-A78 & 4x2.0 GHz Cortex-A55) - India,Mali-G615 MC2,6.67,1220x2712,120,6720,30,8|12,8|12|128|256|512,50,32,1,1,1,1,"$ 259.66 / € 275.99 / ₹ 17,828"
motorola,4,13824,Motorola Razr 2025,https://m.gsmarena.com/motorola_razr_2025-13824.php,https://fdn2.gsmarena.com/vv/bigpic/motorola-razr-60.jpg,https://m.gsmarena.com/motorola-phones-4.php,2026-04-27T05:29:34.004237+00:00,2025,"Available. Released 2025, May 15",Android 15,Mediatek Dimensity 7400X (4 nm),Octa-core (4x2.6 GHz Cortex-A78 & 4x2.0 GHz Cortex-A55),Mali-G615 MC2,6.9,1080x2640,120,4500,30,8,8|256,50,32,1,1,1,0,$ 299.90
motorola,4,13749,Motorola Razr 60,https://m.gsmarena.com/motorola_razr_60-13749.php,https://fdn2.gsmarena.com/vv/bigpic/motorola-razr-60.jpg,https://m.gsmarena.com/motorola-phones-4.php,2026-04-27T05:29:34.004237+00:00,2025,"Available. Released 2025, April 25",Android 15,Mediatek Dimensity 7400X (4 nm),Octa-core (4x2.6 GHz Cortex-A78 & 4x2.0 GHz Cortex-A55),Mali-G615 MC2,6.9,1080x2640,120,4500,30,8|12,8|12|256|512,50,32,1,1,1,0,€ 525.00 / £ 475.75
motorola,4,13805,Motorola Razr 60 Ultra,https://m.gsmarena.com/motorola_razr_60_ultra-13805.php,https://fdn2.gsmarena.com/vv/bigpic/motorola-razr-60-ultra-5g.jpg,https://m.gsmarena.com/motorola-phones-4.php,2026-04-27T05:29:34.004237+00:00,2025,"Available. Released 2025, April 25",Android 15,Qualcomm SM8750-AB Snapdragon 8 Elite (3 nm),Octa-core (2x4.32 GHz Oryon V2 Phoenix L + 6x3.53 GHz Oryon V2 Phoenix M),Adreno 830,7,1224x2912,165,4700,68,12|16,12|16|256|512|1024,50,50,1,1,1,0,"$ 1,299.99 / € 779.99 / £ 897.99 / ₹ 79,999"
motorola,4,14402,Motorola Razr Fold,https://m.gsmarena.com/motorola_razr_fold_5g-14402.php,https://fdn2.gsmarena.com/vv/bigpic/motorola-razr-fold-.jpg,https://m.gsmarena.com/motorola-phones-4.php,2026-04-27T05:29:34.004237+00:00,2026,"Available. Released 2026, April 18","Android 16, up to 7 major Android upgrades",Qualcomm SM8845 Snapdragon 8 Gen 5 (3 nm),Octa-core (2x3.8 GHz Oryon V3 Phoenix L + 6x3.32 GHz Oryon V3 Phoenix M),Adreno 829,8.1,2232x2484,120,6000,80,12|16,12|16|256|512|1024,50,20,1,1,1,0,About 2000 EUR
motorola,4,13823,Motorola Razr Ultra 2025,https://m.gsmarena.com/motorola_razr_ultra_2025-13823.php,https://fdn2.gsmarena.com/vv/bigpic/motorola-razr-60-ultra-5g.jpg,https://m.gsmarena.com/motorola-phones-4.php,2026-04-27T05:29:34.004237+00:00,2025,"Available. Released 2025, May 15",Android 15,Qualcomm SM8750-AB Snapdragon 8 Elite (3 nm),Octa-core (2x4.32 GHz Oryon V2 Phoenix L + 6x3.53 GHz Oryon V2 Phoenix M),Adreno 830,7,1224x2912,165,4700,68,16,16|512|1024,50,50,1,1,1,0,$ 499.95
motorola,4,13825,Motorola Razr+ 2025,https://m.gsmarena.com/motorola_razr+_2025-13825.php,https://fdn2.gsmarena.com/vv/bigpic/motorola-razr-plus-2025.jpg,https://m.gsmarena.com/motorola-phones-4.php,2026-04-27T05:29:34.004237+00:00,2025,"Available. Released 2025, June 03",Android 15,Qualcomm SM8635 Snapdragon 8s Gen 3 (4 nm),Octa-core (1x3.0 GHz Cortex-X4 & 4x2.8 GHz Cortex-A720 & 3x2.0 GHz Cortex-A520),Adreno 735,6.9,1080x2640,165,4000,45,12,12|256,50,32,1,1,1,0,$ 399.99
motorola,4,14397,Motorola Signature,https://m.gsmarena.com/motorola_signature_5g-14397.php,https://fdn2.gsmarena.com/vv/bigpic/motorola-signature.jpg,https://m.gsmarena.com/motorola-phones-4.php,2026-04-27T05:29:34.004237+00:00,2026,"Available. Released 2026, January 30","Android 16, up to 7 major Android upgrades",Qualcomm SM8845 Snapdragon 8 Gen 5 (3 nm),Octa-core (2x3.8 GHz Oryon V3 Phoenix L + 6x3.32 GHz Oryon V3 Phoenix M),Adreno 829,6.8,1264x2780,165,5200,90,12|16,12|16|256|512|1024,50,50,1,1,1,0,"€ 829.00 / ₹ 56,989"
samsung,9,13497,Galaxy A36,https://m.gsmarena.com/samsung_galaxy_a36-13497.php,https://fdn2.gsmarena.com/vv/bigpic/samsung-galaxy-a36.jpg,https://m.gsmarena.com/samsung-phones-9.php,2026-04-27T05:29:34.004237+00:00,,,,,,,,,,,,,,,,0,0,0,0,
samsung,9,14320,Galaxy S26 Ultra,https://m.gsmarena.com/samsung_galaxy_s26_ultra_5g-14320.php,https://fdn2.gsmarena.com/vv/bigpic/samsung-galaxy-s26-ultra-new.jpg,https://m.gsmarena.com/samsung-phones-9.php,2026-04-27T05:29:34.004237+00:00,,,,,,,,,,,,,,,,0,0,0,0,
samsung,9,13662,Samsung Galaxy A06 5G,https://m.gsmarena.com/samsung_galaxy_a06_5g-13662.php,https://fdn2.gsmarena.com/vv/bigpic/samsung-galaxy-a06-5g.jpg,https://m.gsmarena.com/samsung-phones-9.php,2026-04-27T05:29:34.004237+00:00,2025,"Available. Released 2025, February 19","Android 15, up to 4 major Android upgrades, One UI 7",Mediatek Dimensity 6300 (6 nm),Octa-core (2x2.4 GHz Cortex-A76 & 6x2.0 GHz Cortex-A55),Mali-G57 MC2,6.7,720x1600,90,5000,25,4|6,4|6|64|128,50,8,1,0,0,1,"₹ 11,999"
samsung,9,14409,Samsung Galaxy A07,https://m.gsmarena.com/samsung_galaxy_a07_5g-14409.php,https://fdn2.gsmarena.com/vv/bigpic/samsung-galaxy-a07-5g.jpg,https://m.gsmarena.com/samsung-phones-9.php,2026-04-27T05:29:34.004237+00:00,2026,"Available. Released 2026, January 13","Android 16, up to 6 major Android upgrades, One UI 8",Mediatek Dimensity 6300 (6 nm),Octa-core (2x2.4 GHz Cortex-A76 & 6x2.0 GHz Cortex-A55),Mali-G57 MC2,6.7,720x1600,120,6000,25,4|6,4|6|64|128,50,8,1,0,0,1,"₹ 13,975"
samsung,9,14066,Samsung Galaxy A07 4G,https://m.gsmarena.com/samsung_galaxy_a07-14066.php,https://fdn2.gsmarena.com/vv/bigpic/samsung-galaxy-a07.jpg,https://m.gsmarena.com/samsung-phones-9.php,2026-04-27T05:29:34.004237+00:00,2025,"Available. Released 2025, August 25","Android 15, up to 6 major Android upgrades, One UI 8",Mediatek Helio G99 (6 nm),Octa-core (2x2.2 GHz Cortex-A76 & 6x2.0 GHz Cortex-A55),Mali-G57 MC2,6.7,720x1600,90,5000,25,4|6|8,4|6|8|64|128|256,50,8,0,0,0,1,$ 99.50 / £ 97.00
samsung,9,13383,Samsung Galaxy A16,https://m.gsmarena.com/samsung_galaxy_a16-13383.php,https://fdn2.gsmarena.com/vv/bigpic/samsung-galaxy-a16-lte.jpg,https://m.gsmarena.com/samsung-phones-9.php,2026-04-27T05:29:34.004237+00:00,2024,"Available. Released 2024, November 20","Android 14, up to 6 major Android upgrades, One UI 7",Mediatek Helio G99 (6 nm),Octa-core (2x2.2 GHz Cortex-A76 & 6x2.0 GHz Cortex-A55),Mali-G57 MC2,6.7,1080x2340,90,5000,25,4|6|8,4|6|8|128|256,50,13,0,1,0,1,$ 110.00 / € 114.00 / £ 95.50
samsung,9,13346,Samsung Galaxy A16 5G,https://m.gsmarena.com/samsung_galaxy_a16_5g-13346.php,https://fdn2.gsmarena.com/vv/bigpic/samsung-galaxy-a16-5g.jpg,https://m.gsmarena.com/samsung-phones-9.php,2026-04-27T05:29:34.004237+00:00,2024,"Available. Released 2024, October 25","Android 14, up to 6 major Android upgrades, One UI 6.1",Exynos 1330 (5 nm) or Mediatek Dimensity 6300 (6 nm),Octa-core (2x2.4 GHz Cortex-A78 & 6x2.0 GHz Cortex-A55) or Octa-core (2x2.4 GHz Cortex-A76 & 6x2.0 GHz Cortex-A55),Mali-G68 MP2 or Mali-G57 MC2,6.7,1080x2340,90,5000,25,4|6|8,4|6|8|128|256,50,13,1,1,1,1,$ 89.99 / € 162.99 / £ 125.00
samsung,9,14041,Samsung Galaxy A17,https://m.gsmarena.com/samsung_galaxy_a17_5g-14041.php,https://fdn2.gsmarena.com/vv/bigpic/samsung-galaxy-a17-5g.jpg,https://m.gsmarena.com/samsung-phones-9.php,2026-04-27T05:29:34.004237+00:00,2025,"Available. Released 2025, August 14","Android 15, up to 6 major Android upgrades, One UI 7",Exynos 1330 (5 nm),Octa-core (2x2.4 GHz Cortex-A78 & 6x2.0 GHz Cortex-A55),Mali-G68 MP2,6.7,1080x2340,90,5000,25,4|6|8,4|6|8|128|256,50,13,1,1,1,1,"$ 167.46 / € 139.00 / £ 149.98 / ₹ 19,499"
samsung,9,14157,Samsung Galaxy A17 4G,https://m.gsmarena.com/samsung_galaxy_a17-14157.php,https://fdn2.gsmarena.com/vv/bigpic/samsung-galaxy-a17.jpg,https://m.gsmarena.com/samsung-phones-9.php,2026-04-27T05:29:34.004237+00:00,2025,"Available. Released 2025, September 18","Android 15, up to 6 major Android upgrades, One UI 7",Mediatek Helio G99 (6 nm),Octa-core (2x2.2 GHz Cortex-A76 & 6x2.0 GHz Cortex-A55),Mali-G57 MC2,6.7,1080x2340,90,5000,25,4|6|8,4|6|8|128|256,50,13,0,1,0,1,$ 147.50 / € 130.00 / £ 118.59
samsung,9,13679,Samsung Galaxy A26,https://m.gsmarena.com/samsung_galaxy_a26-13679.php,https://fdn2.gsmarena.com/vv/bigpic/samsung-galaxy-a26.jpg,https://m.gsmarena.com/samsung-phones-9.php,2026-04-27T05:29:34.004237+00:00,2025,"Available. Released 2025, March 19","Android 15, up to 6 major Android upgrades, One UI 7",Exynos 1380 (5 nm) - Global | Exynos 1280 (5 nm) - LATAM,Octa-core (4x2.4 GHz Cortex-A78 & 4x2.0 GHz Cortex-A55) - Global | Octa-core (2x2.4 GHz Cortex-A78 & 6x2.0 GHz Cortex-A55) - LATAM,Mali-G68 MP5 - Global | Mali-G68 - LATAM,6.7,1080x2340,120,5000,25,4|6|8,4|6|8|128|256,50,13,1,1,1,1,$ 173.49 / € 193.00 / £ 170.99
samsung,9,14378,Samsung Galaxy A37,https://m.gsmarena.com/samsung_galaxy_a37_5g-14378.php,https://fdn2.gsmarena.com/vv/bigpic/samsung-galaxy-a37.jpg,https://m.gsmarena.com/samsung-phones-9.php,2026-04-27T05:29:34.004237+00:00,2026,"Available. Released 2026, April 9","Android 16, up to 6 major Android upgrades, One UI 8.5",Exynos 1480 (4 nm),Octa-core (4x2.75 GHz Cortex-A78 & 4x2.0 GHz Cortex-A55),Xclipse 530,6.7,1080x2340,120,5000,45,6|8|12,6|8|12|128|256,50,12,1,1,1,0,"$ 449.99 / € 333.33 / £ 399.00 / ₹ 32,500"
samsung,9,13603,Samsung Galaxy A56,https://m.gsmarena.com/samsung_galaxy_a56-13603.php,https://fdn2.gsmarena.com/vv/bigpic/samsung-galaxy-a56-.jpg,https://m.gsmarena.com/samsung-phones-9.php,2026-04-27T05:29:34.004237+00:00,2025,"Available. Released 2025, March 10","Android 15, up to 6 major Android upgrades, One UI 7",Exynos 1580 (4 nm),Octa-core (1x2.9 GHz Cortex-A720 & 3x2.6 GHz Cortex-A720 & 4x1.9 GHz Cortex-A520),Xclipse 540,6.7,1080x2340,120,5000,45,6|8|12,6|8|12|128|256,50,12,1,1,1,0,"$ 319.00 / € 293.00 / £ 261.98 / ₹ 42,999"
samsung,9,14379,Samsung Galaxy A57,https://m.gsmarena.com/samsung_galaxy_a57_5g-14379.php,https://fdn2.gsmarena.com/vv/bigpic/samsung-galaxy-a57.jpg,https://m.gsmarena.com/samsung-phones-9.php,2026-04-27T05:29:34.004237+00:00,2026,"Available. Released 2026, April 9","Android 16, up to 6 major Android upgrades, One UI 8.5",Exynos 1680 (4 nm),Octa-core (1x2.9 GHz Cortex-720 & 4x2.6 GHz Cortex-720 & 3x1.95 GHz Cortex-520),Xclipse 550,6.7,1080x2340,120,5000,45,8|12,8|12|128|256|512,50,12,1,1,1,0,"$ 6.09 / € 392.00 / £ 529.00 / ₹ 49,000"
samsung,9,13663,Samsung Galaxy F06 5G,https://m.gsmarena.com/samsung_galaxy_f06_5g-13663.php,https://fdn2.gsmarena.com/vv/bigpic/samsung-galaxy-f06-5g.jpg,https://m.gsmarena.com/samsung-phones-9.php,2026-04-27T05:29:34.004237+00:00,2025,Available. Released February 20,"Android 15, up to 4 major Android upgrades, One UI Core 7.0",Mediatek Dimensity 6300 (6 nm),Octa-core (2x2.4 GHz Cortex-A76 & 6x2.0 GHz Cortex-A55),Mali-G57 MC2,6.7,720x1600,,5000,25,4|6,4|6|64|128,50,8,1,0,0,1,"₹ 11,449"
samsung,9,14205,Samsung Galaxy F07,https://m.gsmarena.com/samsung_galaxy_f07-14205.php,https://fdn2.gsmarena.com/vv/bigpic/samsung-galaxy-f07.jpg,https://m.gsmarena.com/samsung-phones-9.php,2026-04-27T05:29:34.004237+00:00,2025,"Available. Released 2025, October 04","Android 15, up to 6 major Android upgrades, One UI 7",Mediatek Helio G99 (6 nm),Octa-core (2x2.2 GHz Cortex-A76 & 6x2.0 GHz Cortex-A55),Mali-G57 MC2,6.7,720x1600,90,5000,25,4,4|64,50,8,0,0,0,1,"£ 189.99 / ₹ 9,860"
samsung,9,13721,Samsung Galaxy F16,https://m.gsmarena.com/samsung_galaxy_f16-13721.php,https://fdn2.gsmarena.com/vv/bigpic/samsung-galaxy-f16-5g.jpg,https://m.gsmarena.com/samsung-phones-9.php,2026-04-27T05:29:34.004237+00:00,2025,"Available. Released 2025, March 13","Android 15, up to 6 major Android upgrades, One UI 7",Mediatek Dimensity 6300 (6 nm),Octa-core (2x2.4 GHz Cortex-A76 & 6x2.0 GHz Cortex-A55),Mali-G57 MC2,6.7,1080x2340,90,5000,25,4|6|8,4|6|8|128,50,13,1,1,0,1,About 120 EUR
samsung,9,14107,Samsung Galaxy F17,https://m.gsmarena.com/samsung_galaxy_f17_5g-14107.php,https://fdn2.gsmarena.com/vv/bigpic/samsung-galaxy-f17-5g-.jpg,https://m.gsmarena.com/samsung-phones-9.php,2026-04-27T05:29:34.004237+00:00,2025,"Available. Released 2025, September 14","Android 15, up to 6 major Android upgrades, One UI 7",Exynos 1330 (5 nm),Octa-core (2x2.4 GHz Cortex-A78 & 6x2.0 GHz Cortex-A55),Mali-G68 MP2,6.7,1080x2340,90,5000,25,4|6|8,4|6|8|128,50,13,1,1,0,1,"₹ 14,995"
samsung,9,14009,Samsung Galaxy F36,https://m.gsmarena.com/samsung_galaxy_f36_5g-14009.php,https://fdn2.gsmarena.com/vv/bigpic/samsung-galaxy-f36.jpg,https://m.gsmarena.com/samsung-phones-9.php,2026-04-27T05:29:34.004237+00:00,2025,"Available. Released 2025, July 29","Android 15, up to 6 major Android upgrades, One UI 7",Exynos 1380 (5 nm),Octa-core (4x2.4 GHz Cortex-A78 & 4x2.0 GHz Cortex-A55),Mali-G68 MP5,6.7,1080x2340,120,5000,25,6|8,6|8|128|256,50,13,1,1,0,1,"₹ 17,807"
samsung,9,13855,Samsung Galaxy F56,https://m.gsmarena.com/samsung_galaxy_f56_5g-13855.php,https://fdn2.gsmarena.com/vv/bigpic/samsung-galaxy-f56-5g.jpg,https://m.gsmarena.com/samsung-phones-9.php,2026-04-27T05:29:34.004237+00:00,2025,"Available. Released 2025, May 14","Android 15, up to 6 major Android upgrades, One UI 7",Exynos 1480 (4 nm),Octa-core (4x2.75 GHz Cortex-A78 & 4x2.0 GHz Cortex-A55),Xclipse 530,6.74,1080x2340,120,5000,45,8,8|128|256,50,12,1,0,0,0,"₹ 22,500"
samsung,9,14459,Samsung Galaxy F70e,https://m.gsmarena.com/samsung_galaxy_f70e_5g-14459.php,https://fdn2.gsmarena.com/vv/bigpic/samsung-galaxy-f70e.jpg,https://m.gsmarena.com/samsung-phones-9.php,2026-04-27T05:29:34.004237+00:00,2026,"Available. Released 2026, February 17","Android 16, up to 6 major Android upgrades, One UI 8",Mediatek Dimensity 6300 (6 nm),Octa-core (2x2.4 GHz Cortex-A76 & 6x2.0 GHz Cortex-A55),Mali-G57 MC2,6.7,720x1600,120,6000,25,4|6,4|6|128,50,8,1,0,0,1,"₹ 13,275"
samsung,9,13681,Samsung Galaxy M06,https://m.gsmarena.com/samsung_galaxy_m06-13681.php,https://fdn2.gsmarena.com/vv/bigpic/samsung-galaxy-m06-5g.jpg,https://m.gsmarena.com/samsung-phones-9.php,2026-04-27T05:29:34.004237+00:00,2025,"Available. Released 2025, March 07","Android 15, up to 4 major Android upgrades, One UI Core 7.0",Mediatek Dimensity 6300 (6 nm),Octa-core (2x2.4 GHz Cortex-A76 & 6x2.0 GHz Cortex-A55),Mali-G57 MC2,6.74,720x1600,90,5000,25,4|6,4|6|64|128,50,8,1,0,0,1,"₹ 11,499"
samsung,9,14100,Samsung Galaxy M07,https://m.gsmarena.com/samsung_galaxy_m07-14100.php,https://fdn2.gsmarena.com/vv/bigpic/samsung-galaxy-m07.jpg,https://m.gsmarena.com/samsung-phones-9.php,2026-04-27T05:29:34.004237+00:00,2025,"Available. Released 2025, October 01","Android 15, up to 6 major Android upgrades, One UI 7",Mediatek Helio G99 (6 nm),Octa-core (2x2.2 GHz Cortex-A76 & 6x2.0 GHz Cortex-A55),Mali-G57 MC2,6.7,720x1600,90,5000,25,4,4|64,50,8,0,0,0,1,"£ 99.99 / ₹ 9,499"
samsung,9,13680,Samsung Galaxy M16,https://m.gsmarena.com/samsung_galaxy_m16-13680.php,https://fdn2.gsmarena.com/vv/bigpic/samsung-galaxy-m16-5g-.jpg,https://m.gsmarena.com/samsung-phones-9.php,2026-04-27T05:29:34.004237+00:00,2025,"Available. Released 2025, March 05","Android 15, up to 6 major Android upgrades, One UI 7",Mediatek Dimensity 6300 (6 nm),Octa-core (2x2.4 GHz Cortex-A76 & 6x2.0 GHz Cortex-A55),Mali-G57 MC2,6.7,1080x2340,90,5000,25,4|6|8,4|6|8|128|256,50,13,1,1,0,1,"₹ 15,999"
samsung,9,14221,Samsung Galaxy M17,https://m.gsmarena.com/samsung_galaxy_m17_5g-14221.php,https://fdn2.gsmarena.com/vv/bigpic/samsung-galaxy-a17.jpg,https://m.gsmarena.com/samsung-phones-9.php,2026-04-27T05:29:34.004237+00:00,2025,"Available. Released 2025, October 13","Android 15, up to 6 major Android upgrades, One UI 7",Exynos 1330 (5 nm),Octa-core (2x2.4 GHz Cortex-A78 & 6x2.0 GHz Cortex-A55),Mali-G68 MP2,6.7,1080x2340,90,5000,25,4|6|8,4|6|8|128,50,13,1,1,0,1,About 120 EUR
samsung,9,14534,Samsung Galaxy M17e,https://m.gsmarena.com/samsung_galaxy_m17e_5g-14534.php,https://fdn2.gsmarena.com/vv/bigpic/samsung-galaxy-m17e.jpg,https://m.gsmarena.com/samsung-phones-9.php,2026-04-27T05:29:34.004237+00:00,2026,"Available. Released 2026, March 17","Android 16, up to 6 major Android upgrades, One UI 8",Mediatek Dimensity 6300 (6 nm),Octa-core (2x2.4 GHz Cortex-A76 & 6x2.0 GHz Cortex-A55),Mali-G57 MC2,6.7,720x1600,120,6000,25,4|6,4|6|128,50,8,1,0,0,1,"₹ 12,499"
samsung,9,13967,Samsung Galaxy M36,https://m.gsmarena.com/samsung_galaxy_m36_5g-13967.php,https://fdn2.gsmarena.com/vv/bigpic/samsung-galaxy-m36.jpg,https://m.gsmarena.com/samsung-phones-9.php,2026-04-27T05:29:34.004237+00:00,2025,"Available. Released 2025, July 12","Android 15, up to 6 major Android upgrades, One UI 7",Exynos 1380 (5 nm),Octa-core (4x2.4 GHz Cortex-A78 & 4x2.0 GHz Cortex-A55),Mali-G68 MP5,6.7,1080x2340,120,5000,25,6|8,6|8|128|256,50,13,1,1,0,1,"₹ 18,999"
samsung,9,13801,Samsung Galaxy M56,https://m.gsmarena.com/samsung_galaxy_m56_5g-13801.php,https://fdn2.gsmarena.com/vv/bigpic/samsung-galaxy-m56-5g.jpg,https://m.gsmarena.com/samsung-phones-9.php,2026-04-27T05:29:34.004237+00:00,2025,"Available. Released 2025, April 17","Android 15, up to 6 major Android upgrades, One UI 7",Exynos 1480 (4 nm),Octa-core (4x2.75 GHz Cortex-A78 & 4x2.0 GHz Cortex-A55),Xclipse 530,6.74,1080x2340,120,5000,45,8,8|128|256,50,12,1,0,0,0,"₹ 21,999"
samsung,9,13610,Samsung Galaxy S25,https://m.gsmarena.com/samsung_galaxy_s25-13610.php,https://fdn2.gsmarena.com/vv/bigpic/samsung-galaxy-s25-sm-s931.jpg,https://m.gsmarena.com/samsung-phones-9.php,2026-04-27T05:29:34.004237+00:00,2025,"Available. Released 2025, February 03","Android 15, up to 7 major Android upgrades, One UI 8",Qualcomm SM8750-AC Snapdragon 8 Elite (3 nm),Octa-core (2x4.47 GHz Oryon V2 Phoenix L + 6x3.53 GHz Oryon V2 Phoenix M),Adreno 830 (1200 MHz),6.2,1080x2340,120,4000,25,12,12|128|256|512,50,12,1,1,1,0,"$ 348.85 / € 588.99 / £ 429.85 / ₹ 80,999"
samsung,9,13506,Samsung Galaxy S25 Edge,https://m.gsmarena.com/samsung_galaxy_s25_edge-13506.php,https://fdn2.gsmarena.com/vv/bigpic/samsung-galaxy-s25-edge.jpg,https://m.gsmarena.com/samsung-phones-9.php,2026-04-27T05:29:34.004237+00:00,2025,"Available. Released 2025, May 29","Android 15, up to 7 major Android upgrades, One UI 7",Qualcomm SM8750-AC Snapdragon 8 Elite (3 nm),Octa-core (2x4.47 GHz Oryon V2 Phoenix L + 6x3.53 GHz Oryon V2 Phoenix M),Adreno 830 (1200 MHz),6.7,1440x3120,120,3900,25,12,12|256|512,200,12,1,1,1,0,$ 424.95 / € 648.00 / £ 539.02
samsung,9,14042,Samsung Galaxy S25 FE,https://m.gsmarena.com/samsung_galaxy_s25_fe_5g-14042.php,https://fdn2.gsmarena.com/vv/bigpic/samsung-galaxy-s25-fe.jpg,https://m.gsmarena.com/samsung-phones-9.php,2026-04-27T05:29:34.004237+00:00,2025,"Available. Released 2025, September 04","Android 16, up to 7 major Android upgrades, One UI 8",Exynos 2400 (4 nm),10-core (1x3.2GHz Cortex-X4 & 2x2.9GHz Cortex-A720 & 3x2.6GHz Cortex-A720 & 4x1.95GHz Cortex-A520),Xclipse 940,6.7,1080x2340,120,4900,45,8,8|128|256|512,50,12,1,1,1,0,"$ 288.98 / € 479.98 / £ 429.85 / ₹ 48,920"
samsung,9,13322,Samsung Galaxy S25 Ultra,https://m.gsmarena.com/samsung_galaxy_s25_ultra-13322.php,https://fdn2.gsmarena.com/vv/bigpic/samsung-galaxy-s25-ultra-sm-s938.jpg,https://m.gsmarena.com/samsung-phones-9.php,2026-04-27T05:29:34.004237+00:00,2025,"Available. Released 2025, February 03","Android 15, up to 7 major Android upgrades, One UI 8",Qualcomm SM8750-AC Snapdragon 8 Elite (3 nm),Octa-core (2x4.47 GHz Oryon V2 Phoenix L + 6x3.53 GHz Oryon V2 Phoenix M),Adreno 830 (1200 MHz),6.9,1440x3120,120,5000,45,12|16,12|16|256|512|1024,200,12,1,1,1,0,"$ 679.95 / € 849.00 / £ 670.00 / ₹ 103,000"
samsung,9,13609,Samsung Galaxy S25+,https://m.gsmarena.com/samsung_galaxy_s25+-13609.php,https://fdn2.gsmarena.com/vv/bigpic/samsung-galaxy-s25-plus-sm-s936.jpg,https://m.gsmarena.com/samsung-phones-9.php,2026-04-27T05:29:34.004237+00:00,2025,"Available. Released 2025, February 03","Android 15, up to 7 major Android upgrades, One UI 8",Qualcomm SM8750-AC Snapdragon 8 Elite (3 nm),Octa-core (2x4.47 GHz Oryon V2 Phoenix L + 6x3.53 GHz Oryon V2 Phoenix M),Adreno 830 (1200 MHz),6.7,1440x3120,120,4900,45,12,12|256|512,50,12,1,1,1,0,$ 449.90 / € 758.00 / £ 615.00
samsung,9,14456,Samsung Galaxy S26,https://m.gsmarena.com/samsung_galaxy_s26_5g-14456.php,https://fdn2.gsmarena.com/vv/bigpic/samsung-galaxy-s26.jpg,https://m.gsmarena.com/samsung-phones-9.php,2026-04-27T05:29:34.004237+00:00,2026,"Available. Released 2026, March 06","Android 16, up to 7 major Android upgrades, One UI 8.5",Qualcomm SM8850-1-AD Snapdragon 8 Elite Gen 5 (3 nm) - US/CN | Exynos 2600 (2 nm) - ROW,Octa-core (2x4.74 GHz Oryon V3 Phoenix L + 6x3.62 GHz Oryon V3 Phoenix M) - US/CN | 10-core (1x3.80GHz C1-Ultra & 3x3.25GHz C1-Pro & 6x2.75GHz C1-Pro) - ROW,Adreno 840 (1.3GHz) - US/CN | Xclipse 960 - ROW,6.3,1080x2340,120,4300,25,12,12|128|256|512,50,12,1,1,1,0,"$ 740.00 / € 699.00 / £ 690.00 / ₹ 74,199"
samsung,9,14457,Samsung Galaxy S26+,https://m.gsmarena.com/samsung_galaxy_s26+_5g-14457.php,https://fdn2.gsmarena.com/vv/bigpic/samsung-galaxy-s26-plus.jpg,https://m.gsmarena.com/samsung-phones-9.php,2026-04-27T05:29:34.004237+00:00,2026,"Available. Released 2026, March 06","Android 16, up to 7 major Android upgrades, One UI 8.5",Qualcomm SM8850-1-AD Snapdragon 8 Elite Gen 5 (3 nm) - US/CN | Exynos 2600 (2 nm) - ROW,Octa-core (2x4.74 GHz Oryon V3 Phoenix L + 6x3.62 GHz Oryon V3 Phoenix M) - US/CN | 10-core (1x3.80GHz C1-Ultra & 3x3.25GHz C1-Pro & 6x2.75GHz C1-Pro) - ROW,Adreno 840 (1.3GHz) - US/CN | Xclipse 960 - ROW,6.7,1440x3120,120,4900,45,12,12|256|512,50,12,1,1,1,0,"$ 1,015.00 / € 929.00 / £ 1,097.99 / ₹ 119,999"
samsung,9,13780,Samsung Galaxy XCover7 Pro,https://m.gsmarena.com/samsung_galaxy_xcover7_pro-13780.php,https://fdn2.gsmarena.com/vv/bigpic/samsung-galaxy-xcover7-pro-1.jpg,https://m.gsmarena.com/samsung-phones-9.php,2026-04-27T05:29:34.004237+00:00,2025,"Available. Released 2025, May 07","Android 15, upgradable to Android 16, One UI 8",Qualcomm SM7635 Snapdragon 7s Gen 3 (4 nm),Octa-core (1x2.5 GHz Cortex-A720 & 3x2.4 GHz Cortex-A720 & 4x1.8 GHz Cortex-A520),Adreno 810,6.6,1080x2408,120,4350,15,6|8,6|8|128|256,50,13,1,1,1,1,$ 384.99 / € 454.99 / £ 424.95
samsung,9,13712,Samsung Galaxy Z Flip7,https://m.gsmarena.com/samsung_galaxy_z_flip7-13712.php,https://fdn2.gsmarena.com/vv/bigpic/samsung-galaxy-z-flip7.jpg,https://m.gsmarena.com/samsung-phones-9.php,2026-04-27T05:29:34.004237+00:00,2025,"Available. Released 2025, July 25","Android 16, up to 7 major Android upgrades, One UI 8",Exynos 2500 (3 nm),10-core (1x3.3GHz Cortex-X5 & 2x2.74GHz Cortex-A725 & 5x2.36GHz Cortex-A725 & 2x1.8GHz Cortex-A520),Xclipse 950,6.9,1080x2520,120,4300,25,12,12|256|512,50,10,1,1,1,0,"$ 599.99 / € 899.00 / £ 1,035.99 / ₹ 109,998"
samsung,9,13844,Samsung Galaxy Z Flip7 FE,https://m.gsmarena.com/samsung_galaxy_z_flip7_fe_5g-13844.php,https://fdn2.gsmarena.com/vv/bigpic/samsung-galaxy-z-flip7-fe-.jpg,https://m.gsmarena.com/samsung-phones-9.php,2026-04-27T05:29:34.004237+00:00,2025,"Available. Released 2025, July 25","Android 16, up to 7 major Android upgrades, One UI 8",Exynos 2400 (4 nm),10-core (1x3.2GHz Cortex-X4 & 2x2.9GHz Cortex-A720 & 3x2.6GHz Cortex-A720 & 4x1.95GHz Cortex-A520),Xclipse 940,6.7,1080x2640,120,4000,25,8,8|128|256,50,10,1,1,1,0,"$ 589.90 / € 505.99 / £ 549.00 / ₹ 95,998"
samsung,9,13452,Samsung Galaxy Z Fold Special,https://m.gsmarena.com/samsung_galaxy_z_fold_special-13452.php,https://fdn2.gsmarena.com/vv/bigpic/samsung-galaxy-z-fold-special-edition.jpg,https://m.gsmarena.com/samsung-phones-9.php,2026-04-27T05:29:34.004237+00:00,2024,"Available. Released 2024, October 24","Android 14, up to 7 major Android upgrades, One UI 6.1.1",Qualcomm SM8650-AC Snapdragon 8 Gen 3 (4 nm),8-core (1x3.39GHz Cortex-X4 & 3x3.1GHz Cortex-A720 & 2x2.9GHz Cortex-A720 & 2x2.2GHz Cortex-A520),Adreno 750 (1 GHz),8,1968x2184,120,4400,25,16,16|512,200,4,1,1,1,0,About 1870 EUR
samsung,9,13826,Samsung Galaxy Z Fold7,https://m.gsmarena.com/samsung_galaxy_z_fold7-13826.php,https://fdn2.gsmarena.com/vv/bigpic/samsung-galaxy-z-fold7.jpg,https://m.gsmarena.com/samsung-phones-9.php,2026-04-27T05:29:34.004237+00:00,2025,"Available. Released 2025, July 25","Android 16, up to 7 major Android upgrades, One UI 8",Qualcomm SM8750-AC Snapdragon 8 Elite (3 nm),Octa-core (2x4.47 GHz Oryon V2 Phoenix L + 6x3.53 GHz Oryon V2 Phoenix M),Adreno 830 (1200 MHz),8,1968x2184,120,4400,25,12|16,12|16|256|512|1024,200,10,1,1,1,0,"$ 1,599.99 / € 1,312.79 / £ 1,399.00 / ₹ 174,998"
samsung,9,14292,Samsung Galaxy Z TriFold,https://m.gsmarena.com/samsung_galaxy_z_trifold_5g-14292.php,https://fdn2.gsmarena.com/vv/bigpic/samsung-galaxy-z-trifold-.jpg,https://m.gsmarena.com/samsung-phones-9.php,2026-04-27T05:29:34.004237+00:00,2025,Discontinued,"Android 16, One UI 8",Qualcomm SM8750-AC Snapdragon 8 Elite (3 nm),Octa-core (2x4.47 GHz Oryon V2 Phoenix L + 6x3.53 GHz Oryon V2 Phoenix M),Adreno 830 (1200 MHz),10,1584x2160,120,5600,45,16,16|512|1024,200,10,1,1,1,0,"$ 2,899.00"
xiaomi,80,14177,Xiaomi 15T,https://m.gsmarena.com/xiaomi_15t_5g-14177.php,https://fdn2.gsmarena.com/vv/bigpic/xiaomi-15t.jpg,https://m.gsmarena.com/xiaomi-phones-80.php,2026-04-27T05:29:34.004237+00:00,2025,"Available. Released 2025, September 24","Android 15, upgradable to Android 16, HyperOS 3",Mediatek Dimensity 8400 Ultra (4 nm),Octa-core (1x3.25 GHz Cortex-A725 & 3x3.0 GHz Cortex-A725 & 4x2.1 GHz Cortex-A725),Mali-G720 MC7,6.83,1280x2772,120,5500,67,12,12|256|512,50,32,1,1,1,0,$ 546.76 / € 389.99 / £ 399.03
xiaomi,80,14178,Xiaomi 15T Pro,https://m.gsmarena.com/xiaomi_15t_pro_5g-14178.php,https://fdn2.gsmarena.com/vv/bigpic/xiaomi-15t-pro.jpg,https://m.gsmarena.com/xiaomi-phones-80.php,2026-04-27T05:29:34.004237+00:00,2025,"Available. Released 2025, September 24","Android 15, upgradable to Android 16, HyperOS 3",Mediatek Dimensity 9400+ (3 nm),Octa-core (1x3.63 GHz Cortex-X925 & 3x3.3 GHz Cortex-X4 & 4x2.4 GHz Cortex-A720),Immortalis-G925,6.83,1280x2772,144,5500,90,12,12|256|512|1024,50,32,1,1,1,0,$ 405.20 / € 579.99 / £ 525.62
xiaomi,80,14134,Xiaomi 17,https://m.gsmarena.com/xiaomi_17_5g-14134.php,https://fdn2.gsmarena.com/vv/bigpic/xiaomi-17.jpg,https://m.gsmarena.com/xiaomi-phones-80.php,2026-04-27T05:29:34.004237+00:00,2025,"Available. Released 2025, September 27","Android 16, HyperOS 3",Qualcomm SM8850-AC Snapdragon 8 Elite Gen 5 (3 nm),Octa-core (2x4.6 GHz Oryon V3 Phoenix L + 6x3.62 GHz Oryon V3 Phoenix M),Adreno 840,6.3,1220x2656,160,6330,100,12|16,12|16|256|512|1024,50,50,1,1,1,0,"$ 689.99 / € 899.99 / £ 899.00 / ₹ 89,999"
xiaomi,80,14182,Xiaomi 17 Pro,https://m.gsmarena.com/xiaomi_17_pro_5g-14182.php,https://fdn2.gsmarena.com/vv/bigpic/xiaomi-17-pro.jpg,https://m.gsmarena.com/xiaomi-phones-80.php,2026-04-27T05:29:34.004237+00:00,2025,"Available. Released 2025, September 25","Android 16, HyperOS 3",Qualcomm SM8850-AC Snapdragon 8 Elite Gen 5 (3 nm),Octa-core (2x4.6 GHz Oryon V3 Phoenix L + 6x3.62 GHz Oryon V3 Phoenix M),Adreno 840,6.3,1220x2656,160,6300,100,12|16,12|16|256|512|1024,50,50,1,1,0,0,About 600 EUR
xiaomi,80,14181,Xiaomi 17 Pro Max,https://m.gsmarena.com/xiaomi_17_pro_max_5g-14181.php,https://fdn2.gsmarena.com/vv/bigpic/xiaomi-17-pro-max.jpg,https://m.gsmarena.com/xiaomi-phones-80.php,2026-04-27T05:29:34.004237+00:00,2025,"Available. Released 2025, September 25","Android 16, HyperOS 3",Qualcomm SM8850-AC Snapdragon 8 Elite Gen 5 (3 nm),Octa-core (2x4.6 GHz Oryon V3 Phoenix L + 6x3.62 GHz Oryon V3 Phoenix M),Adreno 840,6.9,1200x2608,160,7500,100,12|16,12|16|512|1024,50,50,1,1,0,0,About 720 EUR
xiaomi,80,14380,Xiaomi 17 Ultra,https://m.gsmarena.com/xiaomi_17_ultra_5g-14380.php,https://fdn2.gsmarena.com/vv/bigpic/xiaomi-17-ultra-global.jpg,https://m.gsmarena.com/xiaomi-phones-80.php,2026-04-27T05:29:34.004237+00:00,2026,"Available. Released 2026, March 10","Android 16, HyperOS 3",Qualcomm SM8850-AC Snapdragon 8 Elite Gen 5 (3 nm),Octa-core (2x4.6 GHz Oryon V3 Phoenix L + 6x3.62 GHz Oryon V3 Phoenix M),Adreno 840,6.9,1200x2608,120,6000,90,16,16|512|1024,50,50,1,1,1,0,"€ 1,404.90 / £ 1,299.00 / ₹ 139,999"
xiaomi,80,14516,Xiaomi 17 Ultra (China),https://m.gsmarena.com/xiaomi_17_ultra_5g_(china)-14516.php,https://fdn2.gsmarena.com/vv/bigpic/xiaomi-17-ultra.jpg,https://m.gsmarena.com/xiaomi-phones-80.php,2026-04-27T05:29:34.004237+00:00,2025,"Available. Released 2025, December 27","Android 16, HyperOS 3",Qualcomm SM8850-AC Snapdragon 8 Elite Gen 5 (3 nm),Octa-core (2x4.6 GHz Oryon V3 Phoenix L + 6x3.62 GHz Oryon V3 Phoenix M),Adreno 840,6.9,1200x2608,120,6800,90,12|16,12|16|512|1024,50,50,1,1,0,0,About 850 EUR
xiaomi,80,14512,Xiaomi Black Shark GS3,https://m.gsmarena.com/xiaomi_black_shark_gs3-14512.php,https://fdn2.gsmarena.com/vv/bigpic/xiaomi-black-shark-gs3.jpg,https://m.gsmarena.com/xiaomi-phones-80.php,2026-04-27T05:29:34.004237+00:00,2025,"Available. Released 2025, December",Feature phone,,,,1.43,466x466,,,,,,,,0,1,0,0,
xiaomi,80,14309,Xiaomi Black Shark GS3 Ultra,https://m.gsmarena.com/xiaomi_black_shark_gs3_ultra-14309.php,https://fdn2.gsmarena.com/vv/bigpic/xiaomi-black-shark-gs3-ultra.jpg,https://m.gsmarena.com/xiaomi-phones-80.php,2026-04-27T05:29:34.004237+00:00,2025,"Available. Released 2025, December",Feature phone,,,,1.43,466x466,,,,,,,,0,1,0,0,
xiaomi,80,14626,Xiaomi Poco C81,https://m.gsmarena.com/xiaomi_poco_c81-14626.php,https://fdn2.gsmarena.com/vv/bigpic/xiaomi-poco-c81-.jpg,https://m.gsmarena.com/xiaomi-phones-80.php,2026-04-27T05:29:34.004237+00:00,2026,"Available. Released 2026, April 23","Android 16, up to 4 major Android upgrades, HyperOS 3",Unisoc T7250 (12 nm),Octa-core (2x1.8 GHz Cortex-A75 & 6x1.6 GHz Cortex-A55),Mali-G57 MP1,6.9,720x1600,120,6300,15,4,4|64,13,8,0,0,0,1,About 100 EUR
xiaomi,80,14627,Xiaomi Poco C81x,https://m.gsmarena.com/xiaomi_poco_c81x-14627.php,https://fdn2.gsmarena.com/vv/bigpic/xiaomi-poco-c81x.jpg,https://m.gsmarena.com/xiaomi-phones-80.php,2026-04-27T05:29:34.004237+00:00,2026,"Available. Released 2026, April 23","Android 15, up to 2 major Android upgrades",Unisoc T7250 (12 nm),Octa-core (2x1.8 GHz Cortex-A75 & 6x1.6 GHz Cortex-A55),Mali-G57 MP1,6.88,720x1640,120,5200,15,3,3|64,13,8,0,0,0,1,About 90 EUR
xiaomi,80,14337,Xiaomi Poco C85,https://m.gsmarena.com/xiaomi_poco_c85_5g-14337.php,https://fdn2.gsmarena.com/vv/bigpic/xiaomi-poco-c85-5g.jpg,https://m.gsmarena.com/xiaomi-phones-80.php,2026-04-27T05:29:34.004237+00:00,2025,"Available. Released 2025, December 16","Android 15, up to 2 major Android upgrades, HyperOS 2",Mediatek Dimensity 6300 (6 nm),Octa-core (2x2.4 GHz Cortex-A76 & 6x2.0 GHz Cortex-A55),Mali-G57 MC2,6.9,720x1600,120,6000,33,4|6|8,4|6|8|128|256,50,8,1,1,0,1,"₹ 12,899"
xiaomi,80,14535,Xiaomi Poco C85x,https://m.gsmarena.com/xiaomi_poco_c85x_5g-14535.php,https://fdn2.gsmarena.com/vv/bigpic/xiaomi-poco-c85x-.jpg,https://m.gsmarena.com/xiaomi-phones-80.php,2026-04-27T05:29:34.004237+00:00,2026,"Available. Released 2026, March 14","Android 16, HyperOS 3",Unisoc T8300 (6 nm),Octa-core (2x2.2 GHz Cortex-A78 & 6x2.0 GHz Cortex-A55),Mali-G57 MC2,6.9,720x1600,120,6300,15,4,4|64|128,32,8,1,0,0,1,About 100 EUR
xiaomi,80,14303,Xiaomi Poco F8 Pro,https://m.gsmarena.com/xiaomi_poco_f8_pro_5g-14303.php,https://fdn2.gsmarena.com/vv/bigpic/xiaomi-poco-f8-pro.jpg,https://m.gsmarena.com/xiaomi-phones-80.php,2026-04-27T05:29:34.004237+00:00,2025,"Available. Released 2025, November 26","Android 16, HyperOS 3",Qualcomm SM8750-AB Snapdragon 8 Elite (3 nm),Octa-core (2x4.32 GHz Oryon V2 Phoenix L + 6x3.53 GHz Oryon V2 Phoenix M),Adreno 830,6.59,1156x2510,560,6210,100,12,12|256|512,50,20,1,1,1,0,$ 575.34 / € 449.99 / £ 418.00
xiaomi,80,14301,Xiaomi Poco F8 Ultra,https://m.gsmarena.com/xiaomi_poco_f8_ultra_5g-14301.php,https://fdn2.gsmarena.com/vv/bigpic/xiaomi-poco-f8-ultra-.jpg,https://m.gsmarena.com/xiaomi-phones-80.php,2026-04-27T05:29:34.004237+00:00,2025,"Available. Released 2025, November 26","Android 16, HyperOS 3",Qualcomm SM8850-AC Snapdragon 8 Elite Gen 5 (3 nm),Octa-core (2x4.6 GHz Oryon V3 Phoenix L + 6x3.62 GHz Oryon V3 Phoenix M),Adreno 840,6.9,1200x2608,560,6500,100,12|16,12|16|256|512,50,32,1,1,1,0,$ 839.99 / € 629.99 / £ 579.00
xiaomi,80,14391,Xiaomi Poco M8,https://m.gsmarena.com/xiaomi_poco_m8_5g-14391.php,https://fdn2.gsmarena.com/vv/bigpic/xiaomi-poco-m8.jpg,https://m.gsmarena.com/xiaomi-phones-80.php,2026-04-27T05:29:34.004237+00:00,2026,"Available. Released 2026, January 08","Android 15, up to 4 major Android upgrades, HyperOS 2",Qualcomm SM6475-AB Snapdragon 6 Gen 3 (4 nm),Octa-core (4x2.4 GHz Cortex-A78 & 4x1.8 GHz Cortex-A55),Adreno 710,6.77,1080x2392,120,5520,45,6|8,6|8|128|256|512,50,20,1,1,0,1,"$ 250.00 / € 204.90 / £ 189.00 / ₹ 21,499"
xiaomi,80,14390,Xiaomi Poco M8 Pro,https://m.gsmarena.com/xiaomi_poco_m8_pro_5g-14390.php,https://fdn2.gsmarena.com/vv/bigpic/xiaomi-poco-m8-pro.jpg,https://m.gsmarena.com/xiaomi-phones-80.php,2026-04-27T05:29:34.004237+00:00,2026,"Available. Released 2026, January 08","Android 15, up to 4 major Android upgrades, HyperOS 2",Qualcomm SM7635-AC Snapdragon 7s Gen 4 (4 nm),Octa-core (1x2.7 GHz Cortex-A720 & 3x2.4 GHz Cortex-A720 & 4x1.8 GHz Cortex-A520),Adreno 810,6.83,1280x2772,120,6500,100,8|12,8|12|256|512,50,32,1,1,0,0,$ 342.50 / € 289.90 / £ 249.00
xiaomi,80,14615,Xiaomi Poco M8s,https://m.gsmarena.com/xiaomi_poco_m8s_5g-14615.php,https://fdn2.gsmarena.com/vv/bigpic/xiaomi-poco-m8s.jpg,https://m.gsmarena.com/xiaomi-phones-80.php,2026-04-27T05:29:34.004237+00:00,2026,"Available. Released 2026, April 21","Android 15, HyperOS 2",Qualcomm SM6375 Snapdragon 6s Gen 3 (6 nm),Octa-core (2x2.3 GHz Cortex-A78 & 6x2.0 GHz Cortex-A55),Adreno,6.9,1080x2392,144,7000,33,6|8,6|8|128|256,50,8,1,1,0,1,About 160 EUR
xiaomi,80,14506,Xiaomi Poco X8 Pro,https://m.gsmarena.com/xiaomi_poco_x8_pro_5g-14506.php,https://fdn2.gsmarena.com/vv/bigpic/xiaomi-poco-x8-pro.jpg,https://m.gsmarena.com/xiaomi-phones-80.php,2026-04-27T05:29:34.004237+00:00,2026,"Available. Released 2026, March 17","Android 16, HyperOS 3",Mediatek Dimensity 8500 Ultra (4 nm),Octa-core (1x3.4 GHz Cortex-A725 & 3x3.2 GHz Cortex-A725 & 4x2.2 GHz Cortex-A725),Mali-G720 MC8,6.59,1268x2756,120,6500,100,8|12,8|12|256|512,50,20,1,1,0,0,$ 385.00 / € 319.90 / £ 257.88
xiaomi,80,14507,Xiaomi Poco X8 Pro Max,https://m.gsmarena.com/xiaomi_poco_x8_pro_max_5g-14507.php,https://fdn2.gsmarena.com/vv/bigpic/xiaomi-poco-x8-pro-max.jpg,https://m.gsmarena.com/xiaomi-phones-80.php,2026-04-27T05:29:34.004237+00:00,2026,"Available. Released 2026, March 17","Android 16, HyperOS 3",Mediatek Dimensity 9500s (3 nm),Octa-core (1x3.73 GHz Cortex-X925 & 3x3.3 GHz Cortex-X4 & 4x2.4 GHz Cortex-A720),Immortalis-G925 MC12,6.83,1280x2772,120,8500,100,12,12|256|512,50,20,1,1,1,0,$ 499.50 / € 439.90 / £ 379.00
xiaomi,80,14039,Xiaomi Redmi 15C,https://m.gsmarena.com/xiaomi_redmi_15c_5g-14039.php,https://fdn2.gsmarena.com/vv/bigpic/xiaomi-redmi-15c.jpg,https://m.gsmarena.com/xiaomi-phones-80.php,2026-04-27T05:29:34.004237+00:00,2025,"Available. Released 2025, September 18","Android 15, up to 2 major Android upgrades, HyperOS 2",Mediatek Dimensity 6300 (6 nm),Octa-core (2x2.4 GHz Cortex-A76 & 6x2.0 GHz Cortex-A55),Mali-G57 MC2,6.9,720x1600,120,6000,33,4|6|8,4|6|8|128|256,50,8,1,1,0,1,€ 99.00 / £ 112.50
xiaomi,80,14565,Xiaomi Redmi 15a,https://m.gsmarena.com/xiaomi_redmi_15a_5g-14565.php,https://fdn2.gsmarena.com/vv/bigpic/xiaomi-redmi-15a.jpg,https://m.gsmarena.com/xiaomi-phones-80.php,2026-04-27T05:29:34.004237+00:00,2026,"Available. Released 2026, April 03","Android 16, HyperOS 3, up to 4 major Android upgrades",Unisoc T8300 (6 nm),Octa-core (2x2.2 GHz Cortex-A78 & 6x2.0 GHz Cortex-A55),Mali-G57 MC2,6.9,720x1600,120,6300,15,4|6,4|6|64|128,32,8,1,0,0,1,About 120 EUR
xiaomi,80,14623,Xiaomi Redmi A7,https://m.gsmarena.com/xiaomi_redmi_a7-14623.php,https://fdn2.gsmarena.com/vv/bigpic/xiaomi-redmi-a7-4g.jpg,https://m.gsmarena.com/xiaomi-phones-80.php,2026-04-27T05:29:34.004237+00:00,2026,"Available. Released 2026, April 24","Android 15, up to 2 major Android upgrades",Unisoc T7250 (12 nm),Octa-core (2x1.8 GHz Cortex-A75 & 6x1.6 GHz Cortex-A55),Mali-G57 MP1,6.88,720x1640,120,5200,15,3,3|64,13,8,0,0,0,1,"₹ 10,499"
xiaomi,80,14616,Xiaomi Redmi A7 Pro,https://m.gsmarena.com/xiaomi_redmi_a7_pro_5g-14616.php,https://fdn2.gsmarena.com/vv/bigpic/xiaomi-redmi-a7-pro-5g_.jpg,https://m.gsmarena.com/xiaomi-phones-80.php,2026-04-27T05:29:34.004237+00:00,2026,"Available. Released 2026, April 15","Android 16, up to 4 major Android upgrades, HyperOS 3",Unisoc T8300 (6 nm),Octa-core (2x2.2 GHz Cortex-A78 & 6x2.0 GHz Cortex-A55),Mali-G57 MC2,6.9,720x1600,120,6300,15,4|6,4|6|64|128,32,8,1,0,0,1,About 150 EUR
xiaomi,80,14463,Xiaomi Redmi A7 Pro 4G,https://m.gsmarena.com/xiaomi_redmi_a7_pro-14463.php,https://fdn2.gsmarena.com/vv/bigpic/xiaomi-redmi-a7-pro.jpg,https://m.gsmarena.com/xiaomi-phones-80.php,2026-04-27T05:29:34.004237+00:00,2026,"Available. Released 2026, March 13","Android 16, HyperOS 3",Unisoc T7250 (12 nm),Octa-core (2x1.8 GHz Cortex-A75 & 6x1.6 GHz Cortex-A55),Mali-G57 MP1,6.9,720x1600,120,6000,15,4,4|64|128,13,8,0,0,0,1,"$ 129.50 / ₹ 11,499"
xiaomi,80,14280,Xiaomi Redmi K90,https://m.gsmarena.com/xiaomi_redmi_k90_5g-14280.php,https://fdn2.gsmarena.com/vv/bigpic/xiaomi-redmi-90.jpg,https://m.gsmarena.com/xiaomi-phones-80.php,2026-04-27T05:29:34.004237+00:00,2025,"Available. Released 2025, October 23","Android 16, HyperOS 3",Qualcomm SM8750-AB Snapdragon 8 Elite (3 nm),Octa-core (2x4.32 GHz Oryon V2 Phoenix L + 6x3.53 GHz Oryon V2 Phoenix M),Adreno 830,6.59,1156x2510,560,7100,100,12|16,12|16|256|512|1024,50,20,1,1,0,0,About 350 EUR
xiaomi,80,14618,Xiaomi Redmi K90 Max,https://m.gsmarena.com/xiaomi_redmi_k90_max_5g-14618.php,https://fdn2.gsmarena.com/vv/bigpic/xiaomi-redmi-k90-max.jpg,https://m.gsmarena.com/xiaomi-phones-80.php,2026-04-27T05:29:34.004237+00:00,2026,"Available. Released 2026, April 21","Android 16, HyperOS 3",MediaTek Dimensity 9500 (3nm),Octa-core (1x4.21 GHz C1-Ultra & 3x3.5 GHz C1-Premium & 4x2.7 GHz C1-Pro),Mali-G1 Ultra MC12,6.83,1280x2772,165,8550,100,12|16,12|16|256|512|1024,50,20,1,1,0,0,About 440 EUR
xiaomi,80,14252,Xiaomi Redmi K90 Pro Max,https://m.gsmarena.com/xiaomi_redmi_k90_pro_max_5g-14252.php,https://fdn2.gsmarena.com/vv/bigpic/xiaomi-redmi-k90-pro-max.jpg,https://m.gsmarena.com/xiaomi-phones-80.php,2026-04-27T05:29:34.004237+00:00,2025,"Available. Released 2025, October 23","Android 16, HyperOS 3",Qualcomm SM8850-AC Snapdragon 8 Elite Gen 5 (3 nm),Octa-core (2x4.6 GHz Oryon V3 Phoenix L + 6x3.62 GHz Oryon V3 Phoenix M),Adreno 840,6.9,1200x2608,560,7560,100,12|16,12|16|256|512|1024,50,32,1,1,0,0,About 500 EUR
xiaomi,80,14328,Xiaomi Redmi Note 15,https://m.gsmarena.com/xiaomi_redmi_note_15_5g_(global)-14328.php,https://fdn2.gsmarena.com/vv/bigpic/xiaomi-redmi-note-15-global.jpg,https://m.gsmarena.com/xiaomi-phones-80.php,2026-04-27T05:29:34.004237+00:00,2025,"Available. Released 2026, January 06","Android 15, up to 4 major Android upgrades, HyperOS 2",Qualcomm SM6475-AB Snapdragon 6 Gen 3 (4 nm),Octa-core (4x2.4 GHz Cortex-A78 & 4x1.8 GHz Cortex-A55),Adreno 710,6.77,1080x2392,120,5520,45,6|8|12,6|8|12|128|256|512,108,20,1,1,0,1,"$ 257.00 / € 219.90 / £ 189.00 / ₹ 19,990"
xiaomi,80,14323,Xiaomi Redmi Note 15 4G,https://m.gsmarena.com/xiaomi_redmi_note_15-14323.php,https://fdn2.gsmarena.com/vv/bigpic/xiaomi-redmi-note-15-4g-global.jpg,https://m.gsmarena.com/xiaomi-phones-80.php,2026-04-27T05:29:34.004237+00:00,2025,"Available. Released 2026, January 06","Android 15, up to 4 major Android upgrades, HyperOS 2",Mediatek Helio G100 Ultra (6 nm),Octa-core (2x2.2 GHz Cortex-A76 & 6x2.0 GHz Cortex-A55),Mali-G57 MC2,6.77,1080x2392,120,6000,33,6|8,6|8|128|256|512,108,20,0,1,0,1,"$ 199.50 / € 175.00 / £ 146.00 / ₹ 19,990"
xiaomi,80,14327,Xiaomi Redmi Note 15 Pro,https://m.gsmarena.com/xiaomi_redmi_note_15_pro_5g_(global)-14327.php,https://fdn2.gsmarena.com/vv/bigpic/xiaomi-redmi-note-15-pro-global.jpg,https://m.gsmarena.com/xiaomi-phones-80.php,2026-04-27T05:29:34.004237+00:00,2025,"Available. Released 2026, January 06","Android 15, up to 4 major Android upgrades, HyperOS 2",Mediatek Dimensity 7400 Ultra (4 nm),Octa-core (4x2.6 GHz Cortex-A78 & 4x2.0 GHz Cortex-A55),Mali-G615 MC2,6.83,1280x2772,120,6580,45,8|12,8|12|128|256|512,200,20,1,1,1,0,$ 335.00 / € 349.00 / £ 274.50
xiaomi,80,14330,Xiaomi Redmi Note 15 Pro 4G,https://m.gsmarena.com/xiaomi_redmi_note_15_pro_(global)-14330.php,https://fdn2.gsmarena.com/vv/bigpic/xiaomi-redmi-note-15-pro-4g-global.jpg,https://m.gsmarena.com/xiaomi-phones-80.php,2026-04-27T05:29:34.004237+00:00,2025,"Available. Released 2026, January 06","Android 15, up to 4 major Android upgrades, HyperOS 2",Mediatek Helio G200 Ultra (6 nm),Octa-core (2x2.2 GHz Cortex-A76 & 6x2.0 GHz Cortex-A55),Mali-G57 MC2 (1.1GHz),6.77,1080x2392,120,6500,45,8|12,8|12|256|512,200,32,0,1,0,1,"$ 271.01 / € 264.99 / £ 219.00 / ₹ 31,999"
xiaomi,80,14326,Xiaomi Redmi Note 15 Pro+,https://m.gsmarena.com/xiaomi_redmi_note_15_pro+_5g_(global)-14326.php,https://fdn2.gsmarena.com/vv/bigpic/xiaomi-redmi-note-15-pro-plus-global.jpg,https://m.gsmarena.com/xiaomi-phones-80.php,2026-04-27T05:29:34.004237+00:00,2025,"Available. Released 2025, December 25","Android 15, up to 4 major Android upgrades, HyperOS 2",Qualcomm SM7635-AC Snapdragon 7s Gen 4 (4 nm),Octa-core (1x2.7 GHz Cortex-A720 & 3x2.4 GHz Cortex-A720 & 4x1.8 GHz Cortex-A520),Adreno 810,6.83,1280x2772,120,6500,100,8|12,8|12|256|512,200,32,1,1,1,0,"$ 372.00 / € 429.90 / £ 296.00 / ₹ 37,999"
xiaomi,80,14571,Xiaomi Redmi Note 15 Special,https://m.gsmarena.com/xiaomi_redmi_note_15_special_edition_5g-14571.php,https://fdn2.gsmarena.com/vv/bigpic/xiaomi-redmi-note-15-special-edition-.jpg,https://m.gsmarena.com/xiaomi-phones-80.php,2026-04-27T05:29:34.004237+00:00,2026,"Available. Released 2026, April 07","Android 15, up to 4 major Android upgrades, HyperOS 3",Qualcomm SM6475-AB Snapdragon 6 Gen 3 (4 nm),Octa-core (4x2.4 GHz Cortex-A78 & 4x1.8 GHz Cortex-A55),Adreno 710,6.77,1080x2392,120,5800,45,6|8,6|8|128|256,50,20,1,0,0,1,About 190 EUR
xiaomi,80,14598,Xiaomi Redmi R70,https://m.gsmarena.com/xiaomi_redmi_r70_5g-14598.php,https://fdn2.gsmarena.com/vv/bigpic/xiaomi-redmi-r70.jpg,https://m.gsmarena.com/xiaomi-phones-80.php,2026-04-27T05:29:34.004237+00:00,2026,"Available. Released 2026, April 15","Android 16, HyperOS 3",Unisoc T8300 (6 nm),Octa-core (2x2.2 GHz Cortex-A78 & 6x2.0 GHz Cortex-A55),Mali-G57 MC2,6.9,720x1600,120,6000,15,4|6|8,4|6|8|128|256,13,8,1,0,0,1,About 200 EUR
xiaomi,80,14600,Xiaomi Redmi R70m,https://m.gsmarena.com/xiaomi_redmi_r70m_5g-14600.php,https://fdn2.gsmarena.com/vv/bigpic/xiaomi-redmi-r70.jpg,https://m.gsmarena.com/xiaomi-phones-80.php,2026-04-27T05:29:34.004237+00:00,2026,"Available. Released 2026, April 15","Android 16, HyperOS 3",Unisoc T8300 (6 nm),Octa-core (2x2.2 GHz Cortex-A78 & 6x2.0 GHz Cortex-A55),Mali-G57 MC2,6.9,720x1600,120,6300,15,6|8|12,6|8|12|128|256,13,8,1,0,0,1,About 220 EUR
xiaomi,80,14454,Xiaomi Redmi Turbo 5,https://m.gsmarena.com/xiaomi_redmi_turbo_5_5g-14454.php,https://fdn2.gsmarena.com/vv/bigpic/xiaomi-redmi-turbo-5.jpg,https://m.gsmarena.com/xiaomi-phones-80.php,2026-04-27T05:29:34.004237+00:00,2026,"Available. Released 2026, January 29","Android 16, HyperOS 3",Mediatek Dimensity 8500 Ultra (4 nm),Octa-core (1x3.4 GHz Cortex-A725 & 3x3.2 GHz Cortex-A725 & 4x2.2 GHz Cortex-A725),Mali-G720 MC8,6.59,1268x2756,120,7560,100,12|16,12|16|256|512,50,20,1,1,0,0,About 240 EUR
xiaomi,80,14453,Xiaomi Redmi Turbo 5 Max,https://m.gsmarena.com/xiaomi_redmi_turbo_5_max_5g-14453.php,https://fdn2.gsmarena.com/vv/bigpic/xiaomi-redmi-turbo-5-max.jpg,https://m.gsmarena.com/xiaomi-phones-80.php,2026-04-27T05:29:34.004237+00:00,2026,"Available. Released 2026, January 29","Android 16, HyperOS 3",Mediatek Dimensity 9500s (3 nm),Octa-core (1x3.73 GHz Cortex-X925 & 3xX.X GHz Cortex-X4 & 4xX.X GHz Cortex-A720),Immortalis-G925 MC12,6.83,1280x2772,120,9000,100,12|16,12|16|256|512|1024,50,20,1,1,0,0,About 260 EUR
